Year,Month,Day,Time,End Year,End Month,End Day,End Time,Display Date,Headline,Headline Arabic,Text,Text Arabic,Agreement,Stage,Event,Sticky
,,,,,,,,,,,,,,,,
,,,,,,,,,,,,,,,,
,,,,,,,,,,,,,,,,
,,,,,,,,,PA-X: Yemen agreements and conflict events,,,,,,,
,,,,,,,,,,,,,,,,
,,,,,,,,,,,,,,,,
,,,,,,,,,,,,,,,,
1990,5,22,,1990,5,22,,,Agreement Establishing a Union between the State of the Yemen Arab Republic and the State of the People's Democratic Republic of Yemen,"اتفاقية الوحدة بين دولة الجمهورية العربية اليمنية ودولة جمهورية اليمن الديمقراطية الشعبية
","Unification of North (Yemen Arab Republic) and South (People's Democratic Republic of Yemen). North and South Yemen merge to form the Republic of Yemen. The General People's Congress led by President Ali Abdullah Saleh in the north, and the Yemeni Socialist Party led by Ali Salim al-Beidh in the South, agree to share power. https://www.peaceagreements.org/masterdocument/264",اتحاد الجمهورية العربية اليمنية (شمال اليمن) و جمهورية اليمن الديمقراطية الشعبية (جنوب اليمن). دمج شمال اليمن وجنوبه لتشكيل الجمهورية اليمنية. وافق المؤتمر الشعبي العام بقيادة الرئيس علي عبد الله صالح في الشمال والحزب الاشتراكي اليمني برئاسة علي سالم البيض في الجنوب على المشاركة في السلطة. باللغة الإنجليزية   _x000D_https://www.peaceagreements.org/masterdocument/264 _x000D_,National ,Substantive-Partial,Political ,TRUE
,,,,,,,,,,,,,,,,
,,,,,,,,,,,,,,,,
,,,,,,,,,,,,,,,,
,,,,,,,,,,,,,,,,
,,,,,,,,,,,,,,,,
,,,,,,,,,,,,,,,,
1990,12,22,,1990,12,22,,,Law on Press and Publications of 1990 (No. 25),قانون رقم 25 لسنة 1990 بشأن الصحافة والمطبوعات,"Adopted during the pre-unification talks, a law is passed to deregulate state control on media press publications and allowing independent press outlets. ",تم إقراره خلال محادثات ما قبل الوحدة ، وتم إصدار قانون لإلغاء رقابة الدولة على المنشورات الصحفية والسماح لوسائل الإعلام المستقلة بالعمل. ,,,Political,
1991,5,15,,1991,6,15,,,1991 Yemeni constitutional Referendum,1991لعام  استفتاء اليمن الدستوري,"Yemenis vote and approve the Republic of Yemen’s first constitutional referendum, which was drafted to affirm the country’s commitment to free elections under a multi-party system while affirming the right to hold private property. It includes individual rights, recognizes respect for human rights, and states that all are equal under the law.",أول استفتاء دستوري في اليمن ، والذي تمت صياغته للتأكيد على التزام البلاد بإجراء انتخابات حرة في ظل نظام متعدد الأحزاب و يؤكد حقوق الملكية الخاصة. ويشمل الحقوق الفردية ، ويقر باحترام حقوق الإنسان ، وينص على أن الجميع متساوون بموجب القانون.,,,Political,
1991,10,17,,1991,10,17,,,Law Governing Political Parties and Organizations of 1991 (No. 66),قانون الأحزاب والتنظيمات السياسية: قانون رقم 66 لسنة 1991,"By removing restrictions on political groups and organizations, the law enabled the Islah party (Yemeni Congregation for Reform) and Nasserists Unionists People’s Organization to be officially established. The law effectively legalized the multi-party system in Yemen.",من خلال إزالة القيود المفروضة على الجماعات والمنظمات السياسية ، مكّن القانون حزب الإصلاح (التجمع اليمني للإصلاح) والتنظيم الوحدوي الشعبي الناصري من التأسيس. و أجاز القانون بشكل فعلي على التعددية الحزبية في اليمن.,,,Political,
,,,,,,,,,,,,,,,,
,,,,,,,,,,,,,,,,
,,,,,,,,,,,,,,,,
,,,,,,,,,,,,,,,,
1993,4,27,,1993,4,27,,,First parliamentary elections in unified Yemen,أول انتخابات برلمانية في اليمن الموحد,Yemen held elections for parliament won by the GPC followed by al-Islah. Islah's Abdullah bin Hussein al-Ahmar becomes speaker of the Parliament.,جرت في اليمن انتخابات برلمانية فاز بها المؤتمر الشعبي العام و بالاغلبیة ثم الاصلاح. وأصبح عبد الله بن حسين الأحمر رئيساً لمجلس النواب,,,Political,
,,,,,,,,,,,,,,,,
,,,,,,,,,,,,,,,,
,,,,,,,,,,,,,,,,
1993,8,1,,1993,8,19,,,"Vice President al-Beidh leaves the capital, Sanaa, in protest",نائب الرئيس البيض ينسحب من العاصمة صنعاء احتجاجا,al-Beidh withdraws to Aden protesting political marginalization and violence directed towards the YSP., انسحاب البيض إلى عدن احتجاجًا على التهميش السياسي والعنف ضد الحزب الاشتراكي اليمني.,,,Political ,
,,,,,,,,,,,,,,,,
1994,1,18,,1994,2,20,,,The Document of Pledge and Accord,وثيقة العهد و الاتفاق,"The ‘Political Forces Dialogue Committee’ issues the agreement after talks between the GPC, YSP, Islah, and other parties in an attempt to settle the political crisis between Yemeni President  Saleh and his deputy Ali Salem al-Beidh. The agreement was meant ensure the continuation of equal and democratic political participation of all parties in advancing the unification goals.  ","أصدرت  ""لجنة حوار القوى السياسية"" الاتفاق بعد محادثات بين المؤتمر الشعبي العام ، الحزب الاشتراكي اليمني ، الإصلاح ، والأطراف الأخرى  لتسوية الأزمة السياسية بين الرئيس اليمني صالح ونائبه علي سالم البيض. وكان المقصود من الاتفاق ضمان استمرار المشاركة السياسية المتساوية والديمقراطية لجميع الأطراف في النهوض بأهداف الوحدة. ",National,Substantive-Partial,Political ,
,,,,,,,,,,,,,,,,
1994,4,27,,1994,4,27,,,1994 Yemeni civil-war begins ,بداية الحرب الأهلية بين الشمال والجنوب,"A tank battle breaks out in Amran, surrounding the capital Sanaa. President Ali Abdullah Saleh declares a state of emergency.",معركة دبابات تندلع في عمران و ذمار حول العاصمة صنعاء بين قوات صالح و البيض، وهذه كانت بداية الحرب الأهلية لعام 1994. أعلن الرئيس علي عبد الله صالح حالة الطوارئ. ,,,Conflict,
,,,,,,,,,,,,,,,,
,,,,,,,,,,,,,,,,
,,,,,,,,,,,,,,,,
1994,5,21,,1994,5,21,,,YSP officials declare the secession of the South,مسؤولون في الحزب الاشتراكي اليمني يعلنون انفصال الجنوب,"YSP declares the Democratic Republic of Yemen, however it was not recognized by any other government. ","أعلن الحزب الاشتراكي تأسيس ""الجمهورية اليمنية الديمقراطية"" ، ومع ذلك ، لم تعترف بها أي حكومة أخرى. ",,,Political ,
,,,,,,,,,,,,,,,,
1994,6,1,,1994,6,1,,,UNSC resolution 924,قرار مجلس الأمن رقم 924,Call for an immediate ceasefire in the Republic of Yemen ,"دعوة لوقف فوري لإطلاق النار في الجمهورية اليمنية. 
",,,Political ,
1994,6,29,,1994,6,29,,,UNSC resolution 931,قرار مجلس الأمن رقم 931,"Security council is deeply disturbed that no cease-fire has been implemented or sustained despite several cease-fire declarations by both sides, and the supporting role of Special Envoy Lakhdar Brahimi.",انزعاج المجلس للغاية لعدم تنفيذ وقف إطلاق النار أو على الرغم من العديد من إعلانات وقف إطلاق النار من كلا الجانبين، و عبر المجلس دعمه دور المبعوث الخاص الأخضر الإبراهيمي,,,Political ,
1994,6,30,,1994,6,30,,,Agreement on a Ceasefire in the Republic of Yemen mediated in Moscow,اتفاق لوقف إطلاق النار في الجمهورية اليمنية برعاية موسكو,"A comprehensive ceasefire agreement is signed with the understanding that negotiations will continue in line with UNSC resolution 924, with particular focus on areas affected by the conflict in the Republic, including Aden. https://www.peaceagreements.org/masterdocument/250","اتفاق لوقف إطلاق النار في الجمهورية اليمنية برعاية موسك
.توقيع اتفاق شامل لوقف إطلاق النار على أساس أن المفاوضات ستستمر وفقًا لقرار مجلس الأمن رقم 924 ، مع التركيز خصيصا على المناطق المتضررة من النزاع في الجمهورية، بما في ذلك عدن باللغة الإنجليزية https://www.peaceagreements.org/masterdocument/250
",National,Ceasefire,,
,,,,,,,,,,,,,,,,
,,,,,,,,,,,,,,,,
,,,,,,,,,,,,,,,,
1994,7,7,,1994,7,7,,,Aden captured by pro-Saleh forces ,السيطرة على عدن,"Ceasefire agreement does not hold and forces from Sana'a capture Aden, ending the civil war with a military victory. The aftermath resulted in the disenfranchisement of southern civil and military officials. https://www.peaceagreements.org/masterdocument/250",اتفاقية وقف إطلاق النار لا تصمد وقوات صنعاء تسيطر على عدن ، وبذلك الحرب الأهلية بين الشمال والجنوب أنتهت بانتصار عسكري. نتج عن ذلك الحرمان من حقوق العديد من المسؤولين المدنيين والعسكريين الجنوبيين.  باللغة الإنجليزية,,,Conflict ,
1995,2,26,,1995,2,26,,,Saudi-Yemeni Memorandum of Understanding,مذكرة التفاهم السعودية اليمنية,This agreement implements the Treaty of Taif signed in 1934. It forms a committee to renew the border marks between the countries. https://www.peaceagreements.org/masterdocument/535,"مذكرة تفاهم بين حكومتي المملكة العربية السعودية والجمهورية اليمنية لحلّ الخلافات الحدودية بين البلدين. تؤكد المذكرة اتفاقية معاهدة الطائف وترسيم الحدود المتفق عليها في عام .1934 
باللغة الإنجليزية: https://www.peaceagreements.org/masterdocument/535",National ,Implementation,,
1996,10,3,,1996,10,3,,,Eritrea/Yemen - Sovereignty and Maritime Delimitation in the Red Sea,تعيين الحدود و السيادة البحرية بين اليمن و اريتريا ,"The Permanent Court of Arbitration begins arbitrating a solution to a dispute between Yemen and Eritrea over the Hanish archipelago. Yemen and Eritrea accept results in 1998 and 1999 set out by the Court. The Court determined that most of the archipelago belonged to Yemen, while Eritrea was to retain the right to fish the waters around all the islands and sovereignty over some small islands close to Eritrea",بدأت محكمة التحكيم الدائمة في  حل النزاع بين اليمن وإريتريا بشأن أرخبيل حنيش. اليمن وإريتريا تقبلان النتائج في عامي 1998 و 1999 التي حددتها المحكمة.  وقررت المحكمة أن معظم الأرخبيل ينتمي إلى اليمن ، بينما احتفظت إريتريا بحقها في الصيد حول جميع الجزر والسيادة على بعض الجزر الصغيرة القريبة منها. ,National ,Implementation,,
1996,8,1,,1996,8,1,,,Creation of the Women National Committee: Act No. 97 through the Council of Ministers (cabinet) in August 1996,إنشاء اللجنة الوطنية للمرأة: قرار مجلس الوزراء رقم 97 اغسطس 1996,A government-affiliated body working to empower women based on the outcomes of the Beijing Conference in 1995 and CEDAW convention to safeguard women’s inclusion and rights. Augmented to the Women's Supreme Council in 2000 to ensure every governmental institution is inclusive of women. ,اللجنة في عام ١٩٩٦ ثم اصبحت تعمل تحت و تضاف إلى المجلس الأعلى للمرأة الذي يرأسه رئيس مجلس الوزراء، وقصد منها ضمان مشاركة المركة في كل مفاصل و هيئات الدولة تنفيذا لمخرجات مؤتمر بيكين العالمي لحقوق المرأة و اللجنة المعنية بالقضاء على التمييز ضد المرأة.  تعنى  بلتمكين و تعزيز دور المرأة. أنشئت هيئة الحكومية ,National,Implementation,,
2000,6,12,,2000,6,12,,,International Border Treaty between the Republic of Yemen and the Kingdom of Saudi Arabia,معاهدة الحدود الدولية بين السعودية واليمن (اتفاقية جدة),Yemen and Saudi Arabia sign border agreement in Jeddah (Jeddah Treaty). The agreement resolves the border issue and defines modern Yemen's boundaries. https://www.peaceagreements.org/masterdocument/408,اليمن والسعودية يوقعان اتفاقية للحدود في جدة. لترسيم الحدود النهائية بين البلدين و حلت كل الخلافات المتعلق بها، و هذه الاتفاقية تتعامل مع دولة يمنية واحدة بدل ما كان الوضع قبل سنة 1990  باللغة الإنجليزية  https://www.peaceagreements.org/masterdocument/408,National,Implementation,,
1997,4,27,,1997,4,27,,,1997 Parliamentary election,الانتخابات البرلمانية لعام ١٩٩٧ ,"The General People’s Congress (GPC) maintains its position as the ruling party under President Saleh, securing 187 of the 301 seats",صعد المؤتمر الشعبي العام كحزب حاكم و ذلك بعد حصوله على١٨٧ مقعدًا من  ٣٠١,,,Political ,
,,,,,,,,,,,,,,,,
1999,9,23,,1999,9,23,,,1999 Presidential election,الانتخابات الرئاسية لعام ١٩٩٩ ,"In the first direct Presidential election, President Saleh wins 96.3% of the votes and enters his fifth term in office as President.","أصبح الرئيس علي عبدالله صالح أول رئيس منتخب في الجمهورية اليمنية في أول انتخابات رئاسية مباشرة، و حصل الرئيس صالح نسبة ٩٦,٣ ٪ من الأصوات و بداء ولاية خامسة.  ",,,Political ,
,,,,,,,,,,,,,,,,
2000,10,12,,2000,10,12,,,Bombing of USS Cole, تفجير السفينة الحربية الأمريكية كول,"A US warship, the USS Cole, is attacked by AQAP in the port of Aden, killing 17 US sailors.","تفجير انتحاري ضد المدمرة الأمريكية ""كول"" من قبل عناصر من تنظيم القاعدة بينما كانت ترسوا على ميناء عدن و أسفر الهجوم عن مقتل 17 بحار أمريكي. ",,,Conflict,
,,,,,,,,,,,,,,,,
,,,,,,,,,,,,,,,,
,,,,,,,,,,,,,,,,
2001,2,1,,2001,2,1,,,Violence breaks out before referendum vote,اينفجار العنف قبل التصويت على الاستفتاء,February 2001: Violence breaks out before a referendum and municipal polls extending the term and powers of the presidential office.,اندلعت أعمال العنف قبل إجراء الاستفتاء على الانتخابات المحلية و ذلك بسبب لتمديد فترة وصلاحيات رئيس الجمهورية.,,,Conflict ,
2003,12,28,,2003,12,28,,,Assassination of Jarallah Omar ,اغتيال جارالله عمر ,Deputy secretary-general of the YSP is assassinated during a congress held by Islah,اغتيال نائب الحزب الاشتراكي جارالله عمر في موتمر عقده حزب الاصلاح. ,,,Conflict ,
2003,4,27,,2003,4,27,,,2003 Parliamentary election,الانتخابات البرلمانية لعام ٢٠٠٣,President Saleh and the GPC’s win 76% of the seats. ,المؤتمر الشعبي العام يفوز ب 76٪ من المقاعد.,,,Political ,
2006,9,20,,2006,9,20,,,2006 Presidential election ,الانتخابات الرئاسية لعام ٢٠٠٦ ,"The JMP nominates Faisal bin Shamlan as their candidate to challenge Saleh. Despite declaring he would not run, President Saleh wins 77% of the votes.",بعد أن أعلن صالح عن عدم نيته الترشح للانتخابات، الا انه خاضها وفاز ب 77 ٪ من الأصوات. ,,,Political ,
2007,7,7,,2007,7,7,,,Southern movement begins calling for independence,بدء الحراك الجنوبي بمطالبة الانفصال,Began by peaceful calls to reinstate southern army personnel and to grant the same rights of marginalized southerners to their counterpart northerners,بدأ بكيان جمعية المتقاعدين العسكريين والأمنيين المسرحين من عملهم، وطالب الحراك الجنوبي النظام الحاكم بالمساوة وإعادة المسرحين العسكريين والمدنيين.,,,Political ,
,,,,,,,,,,,,,,,,
2009,2,24,,2009,2,24,,,President Saleh postpones the 2009 Parliamentary elections ,الرئيس صالح يؤجل الانتخابات البرلمانية لعام 2009 حتى لسنة 2011,"Following calls for reform of the electoral system by the Joint Meeting Parties (JMP), President Saleh reschedules the vote to take place in 2011.", صالح يؤجل الانتخابات البرلمانية  بعد دعوات لتجديد قيد سجل الناخبيين من قبل أحزاب اللقاء المشترك و اصلاح النظام الانتخابي.   ,,,Political ,
,,,,,,,,,,,,,,,,
2010,2,12,,2010,2,12,,,Six-Point Government of Yemen-Houthi Ceasefire Agreement,اتفاق من ست نقاط لوقف إطلاق النار بين الحكومة اليمنية والحوثي,https://www.peaceagreements.org/masterdocument/1434,https://www.peaceagreements.org/masterdocument/1434 باللغة الإنجليزية,National ,Ceasefire,,
,,,,,,,,,,,,,,,,
,,,,,,,,,,,,,,,,
,,,,,,,,,,,,,,,,
2004,6,1,,2004,9,30,,,First round of Sadaa war,الجولة الأولى من حرب صعدة,"June- September 2004: A police operation by the Yemeni government against Hussein al-Houthi, a former Member of Parliament and a Zaydi youth activist, ignites the first round of fighting between the government and what becomes known as the Houthi  movement. On September 10, Hussein al-Houthi is killed. His father, Badr al-Din al-Houthi takes over as head of the Houthi movement.",عملية أمنية للحكومة اليمنية ضد حسين الحوثي، عضو سابق في البرلمان وناشط شبابي زيدي، يشعل الجولة الأولى من القتال بين الحكومة وما يعرف بعد ذلك باسم حركة الحوثي. في 10 سبتمبر، قتل حسين وتولى والده بدر الدين رئاسة الحركة.,,,Conflict ,
,,,,,,,,,,,,,,,,
,,,,,,,,,,,,,,,,
,,,,,,,,,,,,,,,,
2003,2,6,,2003,2,6,,,The Program of the Joint Meeting for Political and National Reform ,قيام  أحزاب اللقاء المشترك,"2003: The Joint Meeting Parties (JMP) is formally established as a coalition opposition group to the GPC. The largest member of the JMP was Islah, followed by the YSP. Smaller parties included the Union Popular Forces, the Nasserist Unionist Organisation, and al-Haqq party. ","تأسس اللقاء المشترك -أهم تجمع لأحزاب المعارضة في اليمن  باعتباره امتدادا لائتلاف معارض سابق هو ""مجلس التنسيق الأعلى للمعارضة""، يضم سبعة من أحزاب المعارضة الرئيسية هي التجمع اليمني للإصلاح، والحزب الاشتراكي اليمني، والتنظيم الوحدوي الشعبي الناصري، وحزب البعث العربي الاشتراكي بالإضافة إلى اتحاد القوى الشعبية اليمنية، وحزب الحق. ",,,Political ,
,,,,,,,,,,,,,,,,
,,,,,,,,,,,,,,,,
,,,,,,,,,,,,,,,,
2005,3,1,,2005,6,23,,,Second round of  Sadaa war,الجولة الثانية من حرب صعدة,"March-June 23, 2005: Second round of fighting breaks out between the Houthis and Yemeni government in which more than 200 are killed. Fighting ended after tribal mediators negotiated a deal.",تفجرت الجولة الثانية من القتال بين الحوثيين والحكومة اليمنية حيث قتل أكثر من 200 شخص. انتهى القتال بعد أن تفاوض وسطاء قبليون من الطرفيين على اتفاق,,,Conflict ,
,,,,,,,,,,,,,,,,
,,,,,,,,,,,,,,,,
,,,,,,,,,,,,,,,,
2005,11,1,,2006,3,31,,,Third round of  Sadaa war,الجولة الثالثة من حرب صعدة,November 2005-March 2006: Third round of conflict breaks out between the Houthis and opposing tribes.,اندلاع الجولة الثالثة من النزاع بين الحوثيين والدولة ,,,Conflict ,
,,,,,,,,,,,,,,,,
2007,5,1,,2007,5,1,,,Protests in South Yemen mark emergence of Southern Movement,الاحتجاجات في الجنوب و قيام الحراك الجنوبي ,"May 2007: Former-Southern military and civil officials who were demobilised and fired respectively in the aftermath of the 1994 civil war protested their lack of employment, southern political marginalization and other injustices. Heavy-handedness by security forces burgeons support for the protestors and consolidates what will eventually become the Southern Movement (Hirak). ",مسؤولون عسكريون ومدنيون في الجنوب سرحوا في أعقاب الحرب الأهلية عام 1994 احتجوا على تسريحهم والتهميش السياسي للجنوب وغير ذلك من المظالم. الرد العنيف  من قبل قوات الأمن زاد من شعبية و دعم المتظاهرين وعزز ما سيصبح الحراك الجنوبي.,,,Political ,
,,,,,,,,,,,,,,,,
2007,1,28,,2007,6,16,,,Fourth round of  Sadaa war  begins ,الجولة الرابعة من حرب صعدة,"January 28-June 16, 2007: Fourth round of conflict erupts after Houthi fighters attack Yemeni government outposts. ",28 يناير - 16 يونيو 2007: اندلاع الجولة الرابعة من النزاع بعد أن هاجم المقاتلون الحوثيون على نقاط للحكومة اليمنية._x000D_https://www.peaceagreements.org/masterdocument/1433_x000D_,,,Conflict ,
2007,6,16,,2007,6,16,,,The document of controls and issues of dialogue,وثيقة قضايا وضوابط الحوار ,"Secretaries-General of the political parties represented in the Yemeni parliament signed  a document defining issues controls and guarantees of dialogue. In attempts to ease the tensions of the 2006 boycott of elections, the dialogue was initiated to pave a smooth path for elections.  ",وقعت الأحزاب المشاركة في البرلمان اتفاقية لتحديد قضايا الضوابط وضمانات الحوار. في محاولة لتخفيف التوترات في مقاطعة الانتخابات في عام ٢٠٠٦، بدأ الحوار لتمهيد اللانتخابات. ,National ,Prenegotiation ,,
,,,,,,,,,,,,,,,,
,,,,,,,,,,,,,,,,
,,,,,,,,,,,,,,,,
,,,,,,,,,,,,,,,,
,,,,,,,,,,,,,,,,
,,,,,,,,,,,,,,,,
2008,2,1,,2008,2,1,,,Saada war 'ends' with the Doha Agreement,انتهاء حرب صعدة باتفاق الدوحة,"Qatar mediates a ceasefire, offering to reconstruct Saada and provide Houthi leaders with asylum in exchange for laying down arms. _x000D__x000D_English: https://www.peaceagreements.org/masterdocument/1433_x000D_",توسطت قطر بوقف اطلاق النالر بين الحكومة و الحوثثين، و أبدت قطر استعدادها لاستضافة قادة الحوثيين و اعادة اعمار مدينة صعدة.  الإنجليزية:  https://www.peaceagreements.org/masterdocument/1433,National,Ceasefire,,
,,,,,,,,,,,,,,,,
,,,,,,,,,,,,,,,,
,,,,,,,,,,,,,,,,
2008,4,29,,2008,7,17,,,Fifth round of Sadaa war,الجولة الخامسة من حرب صعدة,"April 29-July 17, 2008: The fifth round of fighting between the Houthis and the Yemeni government in Sadaa begins.",من 29 أبريل إلى 17 يوليو 2008: بدء الجولة الخامسة من القتال في صعدة بين الحوثيين والحكومة اليمنية. ,,,Conflict ,
,,,,,,,,,,,,,,,,
,,,,,,,,,,,,,,,,
,,,,,,,,,,,,,,,,
2009,8,1,,2010,2,1,,,Sixth round of Sadaa war,الجولة السادسة من حرب صعدة,"August 2009-February 2010: The Yemeni government launches an offensive against the Houthis, displacing tens of thousands. Saudi Arabia and the US intervene against the Houthis, and fighting spreads across the Saudi border.",شنت الحكومة اليمنية هجوماً ضد الحوثيين، مما أدى إلى تشريد عشرات الآلاف. تتدخل المملكة العربية السعودية والولايات المتحدة ضد الحوثيين، و تحدث مناوشات عبر الحدود مع السعودية,,,Conflict ,
,,,,,,,,,,,,,,,,
,,,,,,,,,,,,,,,,
,,,,,,,,,,,,,,,,
2010,7,1,,2010,11,1,,,Continuation of violence in Sadaa and surrounding governorates,استمرار العنف في صعدة والمحافظات المجاورة,July 2010: Clashes occur between the Houthis and tribes in Sufyan which continue into November.,اشتباكات بين الحوثيين والقبائل في حرف سفيان تستمر حتى شهر نوفمب,,,Conflict ,
,,,,,,,,,,,,,,,,
,,,,,,,,,,,,,,,,
,,,,,,,,,,,,,,,,
2010,12,29,,2010,12,29,,,Yemen’s Parliament begins debating constitutional amendments,البرلمان اليمني يوافق على مناقشة تمديد الرئاسة لصالح,These would extend the presidential term duration for Saleh indefinitely. This was rejected by the opposition.,عبرت المعارضة اليمنية عن رفضها مشروع التعديلات الدستورية التي أرادت تمديد فترة الرئيس علي عبد الله صالح لمدى الحياة..,,,Political ,
2011,1,1,,2011,1,27,,,Protests break out against President Saleh (Yemeni Arab Spring),الاحتجاجات تندلع ضد الرئيس صالح (الربيع العربي - اليمني)),"January-February: Inspired by Tunisia and Egypt, protests began as early as January 1st, but grew to larger numbers by January 27th, marking the first day of the Yemeni Arab Spring. On this day, large protests broke out in Yemen calling for the overthrow of the regime of President Ali Abdullah Saleh. Protestors include unemployed youth, opposition parties (particularly Islah) as well as regional actors such as the Houthis and the Southern Movement. The 27th marked the largest rally against Saleh, with over 20,000 protestors.",من كانون الثاني (يناير) إلى شباط (فبراير): بدأت الاحتجاجات المستوحاة من تونس ومصر اعتبارًا من 1 يناير، ولكن بحلول 27 يناير أصبح هذا اليوم أكبر يوم احتجاجات شهدته اليمن.  و دعوا المتظاهرين بإطاحة نظام الرئيس علي عبد الله صالح. و من بين المتظاهرين النساء و القبائل و المجتمع المدني و الشباب العاطلين عن العمل وأحزاب المعارضة (خاصة الإصلاح) وكذلك حركات سياسية مثل الحوثيين والحراك الجنوبي.,,,Political ,
2011,1,29,,2011,1,29,,,Yemeni women play a leading and dynamic role in protests, المرأة اليمنية تلعب دور قياديا وديناميكيا في الاحتجاجات,"Female activists demand their inclusion, setting a statutory marriage age, ending maternal mortality and illiteracy. On this day, leading female activists were beaten by Islah supporters for joining their fellow men.  ",تعرضت النساء للضرب على أيدي عناصر من  متشددة بسبب انضمامهم إلى إخوانهم الرجال.,,,Political ,
2011,2,2,,2011,2,2,,,President Saleh goes back to Parliament to make concessions ,قدّم الرئيس اليمني علي عبد الله صالح تنازلات,"Yemeni President Ali Abdullah Saleh makes concessions to the opposition in parliament and says in his speech: ""No extensions, no successions, and no reversing the clock."" He calls on the opposition to return to dialogue and participate in a national unity government.","قدّم الرئيس اليمني علي عبد الله صالح تنازلات للمعارضة أمام البرلمان وقال في الكلمة التي ألقاها: ""لا للتمديد، لا للتوريث، ولا لإعادة عقارب الساعة إلى الوراء"" داعياً المعارضة إلى العودة للحوار والمشاركة في حكومة وحدة وطنية.
",,,Political ,
2011,2,3,,2011,2,3,,,"The ""Day of Rage"" ",يوم الغضب,"Protesters and opposition leaders reject Saleh's calls for concessions, and demand that he is ousted with no exceptions, on what is called the ""Day of Rage""","المتظاهرون وقادة المعارضة يرفضون دعوة صالح ، ويحتجون فيما يسمى ""يوم الغضب""",,,Political ,
2011,2,11,,2011,2,11,,,"""Friday of Rage"" ",جمعة الغضب,"After the announcement of the resignation of Hosni Mubarak in Egypt, thousands of youth, civil society, supporters of the opposition and the southern movement in Yemen staged demonstrations in a number of southern provinces and some central provinces in what was called ""Friday of Rage.""",بعد اعلان استقالة حسني مبارك في مصر،نظم آلاف من الشباب وقوى المجتمع المدني وبعض أنصار المعارضة والحراك الجنوبي مظاهرات شملت عددا من المحافظات الجنوبية وبعض محافظات المناطق الوسطى فيما أطلق عليها جمعة الغضب.,,,Political ,
2011,2,16,,2011,2,16,,,Protests in Aden violently supressed by security forces ,قمع الاحتجاجات في عدن بعنف من قبل قوات الأمن,Southerners joined their fellow northerners in the Arab spring goals where abondoning secessions seemed possible. Violence continued until February 25th. ,انضم الجنوبيون إلى الشماليين في أهداف الربيع العربي حيث اجتمعت بعض اهدافهم في خروج صالح، و استمر العنف حتى 25 فبراير.,,,Conflict ,
,,,,,,,,,,,,,,,,
2011,3,18,,2011,3,18,,,Massacre of protestors in Sanaa (Friday of Dignity),مذبحة (جمعة الكرامة),"Snipers open fire on protestors in Change Square, Sanaa, killing 50. The incident sparks mass disapproval of government action and former loyalists including government officials begin to defect. As a pre-existing Islah party member, Hamid al-Ahmar had already been calling for revolution against President Saleh. Following this massacre,General  Ali Mohsen al-Ahmar (not related to Hamid) defects from the military and joins the revolution. Both men begin to mobilise loyal fighters from the Hashid clan and the First Armored Division and deploy them to Sanaa under the auspices of protecting protestors.”",قناصة أطلقوا النار على المتظاهرين في ساحة التغيير في صنعاء، مما أسفر عن مقتل ٥٠ متظاهرا. واثارة هذه المجزرة استنكارا جماعيا للمسؤولين الحكوميين  ممن كانوا موالين او موظفين للرئيس صالح حيث بدأوا بإعلان انشقاقهم. من بينهم مقربين من صالح مثل حميد الأحمر بصفته عضو في حزب الإصلاح و شيخ مشائخ قبيلة حاشد. وفي اعقاب هذه المجزرة انشق اللواء على محسن الأحمر. وبدأ حشد المقاتلين المخلصين لقبيلة حاشد والفرقة أولى مدرع ونشرهم في صنعاء بحجة حماية المتظاهرين. و منذ ذلك اليوم بدأت الانشقاقات و الاستقالات من عدد كبير من مسؤولين و شخصيات وطنية.    ,,,Conflict ,
,,,,,,,,,,,,,,,,
2015,3,25,,2015,3,25,,,Houthi and Saleh forces enter Aden and fighting breaks out. ,قوات الحوثي وصالح تدخل عدن واندلع العنف,"Houthi-Saleh forces are met with forces loyal to Hadi, Southern Movement and popular resistance.",تم مواجهة قوات الحوثيين وصالح بقوات موالية لهادي والحراك الجنوبي والمقاومة الشعبية.,,,Conflict ,
,,,,,,,,,,,,,,,,
2011,4,21,,2011,4,21,,,GCC-led Initative,مبادرة دول مجلس التعاون الخليجي,"In an attempt to stabilize the situation, the Gulf Cooperation Council (GCC) intervenes with support from United Nation (UN) Secretary-Generals Special Envoy to Yemen, Jamal Benomar, to mediate a solution to the crisis. The first iteration of the GCC Initiative is announced on April 23, but not signed until November 23, 2011. However, President Saleh refused to agree to the proposal. Meanwhile, the city of Sanaa is divided between pro-Saleh and opposition forces that have set up checkpoints. https://www.peaceagreements.org/masterdocument/1401",في محاولة لتهدئة الوضع تدخل مجلس التعاون الخليجي بدعم من المبعوث الخاص للأمين العام للأمم المتحدة إلى اليمن جمال بنعمر للتوسط لحل الأزمة وتم الإعلان عن أول مسودة لمبادرة مجلس التعاون الخليجي في 23 أبريلhttps://www.peaceagreements.org/masterdocument/1401_x000D_ ومع ذلك، رفض الرئيس صالح الموافقة على الاقتراح وفي الوقت نفسه بدأت مدينة صنعاء تنقسم بين القوات الموالية لصالح والقوى المعارضة التي أقامت نقاط تفتيش. https://www.peaceagreements.org/masterdocument/1401_x000D_,,,Political ,
,,,,,,,,,,,,,,,,
,,,,,,,,,,,,,,,,
,,,,,,,,,,,,,,,,
2011,5,27,,2011,5,27,,,AQAP captures Zinjibar and Ja’ar in the governate of Abyan,تنظيم القاعدة في شبه الجزيرة العربية يستولي على زنجبار و جعار ,The re-call of troops to Sanaa creates a security vacuum elsewhere in Yemen. Al-Qaeda in the Arabian Peninsula (AQAP) takes control of the towns of Zinjibar and Ja'ar in Abyan governorate.,فراغًا أمنياً في أماكن أخرى في اليمن يسهل لتنظيم القاعدة في شبه الجزيرة العربية أن يستغل عدم الاستقرار و يسيطر على زنجبار و جعار في محافظة أبين. ,,,Conflict ,
2011,5,23,,2011,5,23,,,Battle of Sana'a,"معركة صنعاء
 ",Saleh's Republican Guard and Internal Security forces clash with Hashid tribe (Al-Ahmar tribe) and the First Armored Brigade (Ali Mohsen Al-Ahmar's Brigade) in Sana'a. ,اشتبكت قوات الحرس الجمهوري والأمن المركزي التابعة لصالح مع قبيلة حاشد (بيت الاحمر) واللواء اول مدرع (فرقة علي محسن الاحمر) في صنعاء,,,Conflict ,
2011,5,28,,2011,6,7,,,Battle of Taiz,معركة تعز (ساحة الحرية),"May 28 -June 7, 2011: Security forces began to violently clear protest squares, including the main “Freedom Square” which led to tribal groups and defectors to stand up against the crackdown. The violence continued until June 7th. ",بدأت قوات الأمن إزالة الساحات الاحتجاجية بعنف، و أدى إلى وقوف القبائل والمحتجين ضد القوات الحكومية. استمرت الاشتباكات ليوم 7 يونيو. ,,,Conflict ,
,,,,,,,,,,,,,,,,
2011,6,3,,2011,6,3,,,Attempted assassination of President Saleh,محاولة اغتيال الرئيس صالح في جامع النهديين,An attack on Al-Nahdain mosque kills many of Saleh’s entourage. President Saleh is wounded in the attempted assassination. Vice President Abd Rabbu Mansour Hadi takes over as acting President while Saleh receives medical treatment in Riyadh.,"محاولة إغتيال لعلي عبد الله صالح أثناء أداه صلاة الجمعة في مسجد النهدين التابع لدار الرئاسة أصيب فيها وعشرات المسؤولين الحكوميين وأفراد من أسرته. 

وقتل في الحادثة من حراسة صالح واصيب بينهم عدد كبير من المسؤولين مثل رئيس الوزراء و البرلمان و وزير الداخلية ومقتل رئيس مجلس الشورى اليمني عبد العزيز عبد الغني. 
",,,Conflict ,
,,,,,,,,,,,,,,,,
,,,,,,,,,,,,,,,,
,,,,,,,,,,,,,,,,
2011,9,12,,2011,9,12,,,Presidential Decree No. (24) FY 2011,قرار رئاسي رقم (24) لسنة 2011,Saleh hands over executive powers to Vice President Hadi. https://www.peaceagreements.org/masterdocument/1402,قرار جمهوري بتكليف عبدربه هادي نائب علي عبد الله صالح باستلام السلطة التنفيذية. باللغة الإنجليزية: https://www.peaceagreements.org/masterdocument/1402,National ,Substantive-Partial,,
,,,,,,,,,,,,,,,,
,,,,,,,,,,,,,,,,
,,,,,,,,,,,,,,,,
2011,11,23,,2011,11,23,,,Agreement/Gulf Cooperation Council (GCC) Initiative,توقيع المبادرة الخليجية في الرياض,Signing of GCC Initiative in Riyadh. GCC Initiative https://www.peaceagreements.org/masterdocument/1401," لأسماء-الجزئية

مبادرة مجلس التعاون. باللغة الانجليزية: https://www.peaceagreements.org/masterdocument/1401
",National,Substantive-Partial,Political ,
,,,,,,,,,,,,,,,,
,,,,,,,,,,,,,,,,
,,,,,,,,,,,,,,,,
2011,11,23,,2011,11,23,,,Agreement on the Implementation Mechanism for the Transition Process in Yemen in Accordance with the Initiative of the Gulf Cooperation Council (GCC Implementation Mechanism),"ا لأسماء-الجزئية

اتفاقية الآلية التنفيذية للعملية الانتقالية في اليمن وفقاً لمبادرة مجلس التعاون الخليجي
","In Accordance with the agreement of the Gulf Cooperation Council Initiative, President Saleh signs the Implementation Mechanism for the Transition Process in Yemen. The Implementation Mechanism of the GCC Initiative eventually entailed the transferring of power to Vice President Hadi and the creation of a unity government, made up of 50% of the GPC, and 50% to the opposition. One women representative from the GPC attended: Minister Amatalrazaq Ali Humad. English: https://www.peaceagreements.org/masterdocument/758 Arabic: https://www.peaceagreements.org/document/3183"," الآلية التنفيذية للعملية الانتقالية في اليمن وفقاً لمبادرة مجلس التعاون الخليجي
وفقًا لمبادرة مجلس التعاون الخليجي، وقع الرئيس صالح آلية التنفيذ لعملية الانتقال في اليمن. تتضمن الآلية التنفيذية للمبادرة ترتيبات نقل السلطة إلى نائب الرئيس وتشكيل حكومة وفاق وطني، مؤلفة من 50٪ من المؤتمر الشعبي العام ، و 50٪ للمعارضة. حضرت شخصية نسائية من المؤتمر الشعبي العام: الوزير أمة الرزاق علي حمد. باللغة  حمدباللغة الإنجليزية:https://www.peaceagreements.org/masterdocument/758 بالعربية: https://www.peaceagreements.org/document/3183_x000D_",National ,Substantive-Partial,,
,,,,,,,,,,,,,,,,
,,,,,,,,,,,,,,,,
,,,,,,,,,,,,,,,,
,,,,,,,,,,,,,,,,
,,,,,,,,,,,,,,,,
,,,,,,,,,,,,,,,,
2011,12,7,,2011,12,7,,,"Decree No. (184) for the year 2011, to Form a Government of National Reconciliation","تطبيق
قرار رقم (184) لسنة 2011 بتشكيل حكومة وفاق وطني
",English:  https://www.peaceagreements.org/masterdocument/1399, باللغة الإنجليزية:_x000D_https: //www.peaceagreements.org/masterdocument/1399_x000D_,National ,Implementation,,
2011,12,25,,2011,12,25,,,March of Life from Taiz arrives in Sanaa and is attacked ,وصول مسيرة الحياة الى صنعاء ,"A procession of thousands of protestors marching from the city of Taiz arrive in Sanaa. They demanded the ouster of Saleh. After walking 250kms, security forces opened fire on the crowd killing 13 in Hizyaz, the southern entrance of Sanaa. ",وصلت مسيرة (الحياة) الراجلة القادمة من تعز والتي قطعت على مدى 5 أيام أكثر من 250 كيلو متر سيراً على الأقدام بمشاركة عشرات الآلاف تعبيراً عن الحرية، وعند وصول مسيرة الحياة مشارف صنعاء اعترضت قوات الأمن في مدخل صنعاء الجنوبي مما أدى الى مقتل 13 شخص.,,,Conflict,
2011,12,10,,2011,12,10,,,Tawakkol Karman receives Nobel Peace Prize ,توكل كرمان تستلم جائزة نوبل للسلام,Karman becomes co-recipient of the Nobel peace prize. She received it for leading peaceful demonstrations for democracy and for a better future for women. Karman is the only Arab and youngest ever to win the peace prize.,مُنحت توكل كرمان جائزة نوبل للسلام بالتقاسم مع إلين جونسون سيرليف وليما غبوي لنضالهم السلمي لحماية المرأة وحقها في المشاركة في صنع السلام. و توكل كرمان هي أول امرأة عربية تنال الجائزة.,,,Political,
2011,10,15,,2012,12,22,,,Siege of Dammaj ,حصار دماج,"Fighting between Houthis and Salafists in Saada breaks out in Dammaj. Dar Al-Hadith, a Salafi religious school, is accused by the Houthis for bringing in foreign fighters and weapons. The Houthis announce an end to the siege in December 2011, but fighting persists until 2014. ",قتال عسكري بين حركة الحوثيين  و دار الحديث السلفية في دماج، و ذلك  بحجة دعم الحكومة اليمنية وتخزين الأسلحة وتدريب إرهابيين أجانب لقتال الحوثيين. أعلن الحوثيون عن إنهاء الحصار في ديسمبر 2011 ، لكن القتال استمر حتى عام  2014 ,,,Conflict,
2012,2,25,,2012,2,25,,,Vice President Hadi is elected President,انتخاب نائب الرئيس هادي كرئيسا توافقي,Vice President Hadi is elected as President with no competitors. Saleh remains head of the ruling GPC party.,انتخب عبدربه منصور هادي في انتخابات لا يوجد فيها مرشح اخر، وبقاء صالح رئيسا لحزب المؤتمر الشعبي العام الحاكم في صنعاء.,,,Political,
,,,,,,,,,,,,,,,,
,,,,,,,,,,,,,,,,
,,,,,,,,,,,,,,,,
,,,,,,,,,,,,,,,,
,,,,,,,,,,,,,,,,
,,,,,,,,,,,,,,,,
,,,,,,,,,,,,,,,,
2012,3,1,,2012,3,1,,,Hadi implements aspects of Security Sector Reform,هادي ينفذ جوانب من إصلاح قطاع الأمن و القوات المسلحة,April: President Hadi fires  senior military officers appointed by former President Saleh.,الرئيس هادي يقيل قادة عسكريين كبار عينهم الرئيس السابق صالح,,,Political ,
,,,,,,,,,,,,,,,,
,,,,,,,,,,,,,,,,
,,,,,,,,,,,,,,,,
2012,6,12,,2012,6,12,,,Zinjibar re-captured from AQAP,استعادة زنجبار من تنظيم القاعدة في شبه الجزيرة العربية,June: Yemeni army re-takes Zinjibar from AQAP with support from local militias known as Popular Committees.,الجيش اليمني يستعيد زنجبار من تنظيم القاعدة في شبه الجزيرة العربية بدعم من مليشيات محلية تسمى باللجان الشعبية,,,Conflict ,
2012,7,29,,2012,7,29,,,"Ministry of Interior is taken over by forces loyal to the ex-President, Ali Abdullah Saleh",اقتحام وزارة الداخلية من قبل عناصر موالية للرئيس الاسبق صالح,"The central security forces storm the ministry with tribal fighters demanding position within Yemen’s police forces. This is viewed as a direct challenge to the restructuring of the military being proposed by the new President, Abd-Rabbu Mansour Hadi.",اقتحم مسلحون من قوات الامن المركزي بمساندة بعض رجال القبائل مبنى وزارة الداخلية مطالبين بوظائف فيها. في خطوة فسرها مراقبون بمحاولة لتحدي اعادة هيكلة الجيش و الامن المقترح من الرئيس عبدربه منصور هادي. ,,,Conflict ,
,,,,,,,,,,,,,,,,
,,,,,,,,,,,,,,,,
2012,8,1,,2012,8,1,,,Republican Guard is targeted for SSR,اعادة هيكلة قوات الحرس الجمهوري ,"President Hadi announces restructuring of the Republican Guard, an elite branch of the military under the command of Saleh's son, Ahmed Ali Saleh.",الرئيس هادي يعلن نيته إعادة هيكلة قوات الحرس الجمهوري، وحدة عسكرية تخضع لقيادة نجل صالح، أحمد علي صالح.,,,Political ,
,,,,,,,,,,,,,,,,
2012,8,14,,2012,8,14,,,"Ministry of Defence is attacked by forces loyal to the ex-President, Ali Abdullah Saleh",تعرض وزارة الدفاع لهجوم من قبل القوات الموالية لصالح ,The Republican guard attack the government building. The attack comes shortly after President Hadi leaves the country to attend a summit in Saudi Arabia.,هاجمت قوات من الحرس الجمهوري  مبنى وزارة الدفاع  بعد فترة وجيزة من مغادرة الرئيس هادي لحضور قمة في المملكة العربية السعودية.,,,Conflict ,
,,,,,,,,,,,,,,,,
2012,9,15,,2012,9,15,,,Houthis organise protests in Sanaa,الحوثيون ينظمون احتجاجات في صنعاء,"September: The Houthis, formally known as Ansar Allah, organise protests in Sanaa against the US film 'Innocence of Muslims' confirming their strength in the city.","سبتمبر: نظم الحوثيون، المعروفون بأنصار الله، احتجاجات في صنعاء ضد عرض الفيلم الأمريكي ""براءة المسلمين"" الأمر الذي بدى يبين الدعم لهم في المدينة.",,,Political ,
2012,11,2,,2012,11,2,,,The Assistant Secretary-General of the Popular Forces Union Party ad NDC member is assassinated. ,"اغتيال الامين العام المساعد لحزب ""اتحاد القوى الشعبية"" ","Dr. Mohammed Abdel-Malik Al-Mutawakil, is assassinated in Sana’a.",اغتيل الدكتور محمد عبد الملك المتوكل، في صنعاء,,,Conflict ,
,,,,,,,,,,,,,,,,
,,,,,,,,,,,,,,,,
2013,3,18,,2013,3,18,,,National Dialogue Conference begins,بدء مؤتمر الحوار الوطني,The National Dialogue Conference (NDC) begins as part of the GCC Initiative gathering 565 delegates from across Yemen's political spectrum and establishing 9 working groups looking at the country's most pressing issues. Women representation reached 29%.,مؤتمر الحوار الوطني يبداء اعماله في إطار مبادرة مجلس التعاون الخليجي. ضم مؤتمر الحوار 565 مندوبا و مندوبه من مختلف الأطياف السياسية في اليمن. تكون المؤتمر من 9 فرق عمل تبحث في القضايا الأكثر أهمية. بلغت نسبة تمثيل النساء كرئساء و عضوات و مشاركات في اللجان بنسبة تقترب ب 29 ٪,,,Political ,
,,,,,,,,,,,,,,,,
,,,,,,,,,,,,,,,,
,,,,,,,,,,,,,,,,
2013,4,10,,2013,4,10,,,Hadi removes senior figures from strategic military commands,هادي يقيل شخصيات بارزة من قيادة وحدات عسكرية استراتيجية,"Hadi removes Ahmed Saleh and Ali Mohsin al-Ahmar as commanders of the Republican Guard and First Armoured Division, respectively, assigning them to diplomatic and advisory positions.",قال هادي كل من أحمد صالح قائد الحرس الجمهوري وعلي محسن الأحمر قائد الفرقة الأولى مدرع، وتم تعينهم إلى مناصب دبلوماسية واستشارية.,,,Political ,
,,,,,,,,,,,,,,,,
,,,,,,,,,,,,,,,,
,,,,,,,,,,,,,,,,
2013,8,25,,2013,8,25,,,Southern representatives boycott NDC,القادة الجنوبيون يقاطعون مؤتمر الحوار الوطني,June-July: Southern Movement leader Ahmed bin Farid withdraws from NDC on April 25. Other Southern leaders follow him in withdraw in June and return in July after a fist-fight broke out in the NDC's Southern Issue Working Group. A final boycott is announced at the end of August.,أنسحب ممثل الحركة الجنوبية أحمد بن فريد الصريمة من مؤتمر الحوار الوطني في 25 أبريل. وقام قادة جنوبيون آخرون بالانسحاب في يونيو وعادوا في يوليو بعد اشتباكات بالأيدي في مجموعة عمل القضية الجنوبية في مؤتمر الحوار الوطني. و تم الانسحاب الكامل لهم في اخر اغسطس 2013,,,Political ,
,,,,,,,,,,,,,,,,
,,,,,,,,,,,,,,,,
,,,,,,,,,,,,,,,,
2013,9,1,,2013,9,1,,,NDC is extended for 3 months ,الحوار الوطني يمدد لمدة ٣ أشهر اضافيه ,"NDC is extended for 3 months, agreed as an appropriately short amount of time before there is a review",تم تمديد الحوار الوطني لمدة ٣ شهور، كما تم الاتفاق على أن تكون هذه الفترة القصيرة  من أجل مراجعة مخرجات الحوار ,,,Political ,
,,,,,,,,,,,,,,,,
,,,,,,,,,,,,,,,,
,,,,,,,,,,,,,,,,
,,,,,,,,,,,,,,,,
,,,,,,,,,,,,,,,,
,,,,,,,,,,,,,,,,
2013,11,22,,2013,11,22,,,NDC member and politician assassinated,اغتيال عضو في الحوار الوطني,"Political figure Abdulkarim Jadban, who had attended the NDC as part of the pro-Houthi delegation is killed in Sana’a",تم اغتيال الشخصية السياسية البارزة عبد الكريم جدبان، الذي شارك في مؤتمر الحوار الوطني كجزء من وفد أنصار الله في صنعاء.,,,Conflict ,
,,,,,,,,,,,,,,,,
,,,,,,,,,,,,,,,,
2013,12,23,,2013,12,23,,,Agreement on a just solution issued by NDC Southern Working Group,اتفاق لحل عادل صادر عن مجموعة القضية الجنوبية في مؤتمر الحوار الوطني,"December 23: NDC's Southern Working Group issues the Agreement on a Just Solution to the Southern Question, where the members, including Houthi and Islah representatives, agreed that Yemen would become a federal state. ",يصدر فريق القضية الجنوبية في مؤتمر الحوار الوطني الحل العادل للقضية الجنوبية، حيث اتفق الأعضاء، بمن فيهم ممثل الحوثي، على أن تصبح اليمن دولة اتحادية.,,,Political ,
,,,,,,,,,,,,,,,,
,,,,,,,,,,,,,,,,
,,,,,,,,,,,,,,,,
2014,1,6,,2014,1,6,,,Ceasefire between Salafists and Houthis in Dammaj,وقف إطلاق النار بين السلفيين والحوثيين في دماج,"A ceasefire is mediated by the Hadi government, ending 6 months of fighting between Ansar Allah (the Houthis) and Salafist students at the Dar al-Hadith Islamic school in Dammaj. 300 students are evacuated. ",توسطت حكومة هادي لوقف إطلاق النار منهيةً ستة أشهر من القتال بين أنصار الله (الحوثيين) و السلفيين في دار الحديث في دماج وتم إجلاء أكثر من 300 طالب نزيل.,,,Political ,
2014,1,6,,2014,1,6,,,,,Ceasefire agreement English: https://www.peaceagreements.org/masterdocument/2004 Arabic: https://www.peaceagreements.org/document/2655,وقف إطلاق النار. باللغة الإنجليزية: https://www.peaceagreements.org/masterdocument/2004 بالعربية: https://www.peaceagreements.org/document/2655,Local ,Ceasefire ,,
,,,,,,,,,,,,,,,,
,,,,,,,,,,,,,,,,
,,,,,,,,,,,,,,,,
,,,,,,,,,,,,,,,,
,,,,,,,,,,,,,,,,
2014,1,11,,2014,1,11,,,Letter to Presidential Mediation Council on Terms of Ceasefire from Sheikh al-Hajuri,رسالة وجهها الشيخ يحيى بن علي الحجوري إلى لجنة الوساطة الرئاسية,The five point letter outlines the necessary requirements involved in ensuring that the Salafist students of the Dar al-Hadith are able to safely evacuate and move from Dammaj to al Hudaydah governorate. It also calls for the state to make reparations where necessary in order to support the people and infrastructure in Dammaj. English: https://www.peaceagreements.org/masterdocument/2063 Arabic: https://www.peaceagreements.org/document/2821,الرسالة المكونة من خمس نقاط توضح المتطلبات اللازمة لضمان الانتقال بأمان للطلاب السلفيين في دار الحديث من دماج الى محافظة الحديدة. ودعت الرسالة الدولة ان تقوم بإجراء إصلاحات ضرورية لدعم سكان وبنية دماج. باللغة الإنجليزية: https://www.peaceagreements.org/masterdocument/2063 بالعربية: https://www.peaceagreements.org/document/2821 ,Local,Ceasefire,,
,,,,,,,,,,,,,,,,
2014,1,20,,2014,1,20,,,"Agreement between the Bani Maudhah, Bani al-Shurayfi and Bani Rassam in Utmah, Dhamar",اتفاق بين بني معوضة وبني الشريفي وبني رسام في مديرية عتمة بمحافظة ذمار ,English: https://www.peaceagreements.org/masterdocument/2215 Arabic: https://www.peaceagreements.org/document/3090 ,باللغة الإنجليزية: https://www.peaceagreements.org/masterdocument/2215 بالعربية: https://www.peaceagreements.org/document/3090,Local ,Ceasefire ,,
2014,1,21,,2014,1,21,,,Al-Haq party member assassinated in the NDC,اغتيال عضو قائمة الحوثيين في الحوار الوطني في اليمن,A representative for the Houthis in the NDC and law professor Ahmed Sharaf Al-Din is assassinated on his way to the conference. ,"اغتال مسلحون مجهولون في اليمن أحمد شرف الدين عضو مؤتمر الحوار عن قائمة ""أنصار الله""، الحوثيين، أثناء توجهه لحضور الجلسة العامة الختامية لمؤتمر الحوار",,,Conflict ,
2014,1,25,,2014,1,25,,,National Dialogue Conference Outcomes Document,مؤتمر الحوار الوطني يختتم بإصدار وثيقة مخرجات الحوار الوطني,"NDC ends and issues the NDC Outcomes Document containing 1,800 points designed to guide the drafting of the new Yemeni constitution. English:  https://www.peaceagreements.org/masterdocument/1400 Arabic:  https://www.peaceagreements.org/document/1258",انتهى مؤتمر الحوار الوطني باصدار وثيقة مخرجات الحوار الوطني الشامل، و التي احتوت أكثر من 1800 نقطة، بهدف ان يتم تضمينها في الدستور اليمني الجديد.  _x000D_باللغة الإنجليزية: https://www.peaceagreements.org/masterdocument/1400_x000D_باللغة العربية: https://www.peaceagreements.org/document/1258 _x000D_,National ,Substantive-Partial,,
,,,,,,,,,,,,,,,,
,,,,,,,,,,,,,,,,
,,,,,,,,,,,,,,,,
2014,2,4,,2014,2,4,,,Ajmar Agreement,اتفاقية عجمر,A ceasefire agreement which aims to establish peaceful coexistence between the Houthis and the Bani Sarim tribe in 'Amran governorate . English: https://www.peaceagreements.org/masterdocument/2005 Arabic: https://www.peaceagreements.org/document/2657 ,اتفاقية لوقف إطلاق النار والتعايش السلمي بين الحوثيين وقبيلة بني صريم في محافظة عمران. باللغة الإنجليزية: https://www.peaceagreements.org/masterdocument/2005 بالعربية: https://www.peaceagreements.org/document/2657,Local,Ceasefire,,
,,,,,,,,,,,,,,,,
2014,2,9,,2014,2,9,,,Agreement Between the Houthis and the Arhab Tribes,اتفاق بين الحوثيين وقبائل أرحب,English: https://www.peaceagreements.org/masterdocument/2226 Arabic: https://www.peaceagreements.org/document/3114,باللغة الإنجليزية: https://www.peaceagreements.org/masterdocument/2226 بالعربية: https://www.peaceagreements.org/document/3114,Local ,Ceasefire ,,
,,,,,,,,,,,,,,,,
2014,2,10,,2014,2,10,,,Final Decision on the delimitation of the Federal Regions,وثيقة مخرجات لجنة تحديد الأقاليم,The Regional Delimitation Committee issues its decision to restructure Yemen into 6 regions containing the 21 governorates. English:  https://www.peaceagreements.org/masterdocument/1508 Arabic:  https://www.peaceagreements.org/document/1257,أصدرت لجنة تحديد الأقاليم قرارها بمقترح بإعادة هيكلة اليمن إلى 6 أقاليم تحتوي على 21 محافظة، بما فيها وضع خاص لكل من مدينتي صنعاء و عدن، و تم دراسة الوثيقة في لجنة صياغة الدستور. الإنجليزية: https://www.peaceagreements.org/masterdocument/1508 _x000D_بالعربية:_x000D_ https://www.peaceagreements.org/document/1257_x000D_,National ,Implementation,,
,,,,,,,,,,,,,,,,
,,,,,,,,,,,,,,,,
,,,,,,,,,,,,,,,,
2014,3,8,,2014,3,8,,,Presidential Republican Decree No. (27) of 2014 forming the Constitutional Drafting Committee,قرار جمهوري رقم 27 لعام 2014 بتشكيل لجنة صياغة الدستور,A Constitutional Drafting Committee is formed and Hadi announces the formation of his 17-member Constitutional Drafting Committee.  English: https://www.peaceagreements.org/masterdocument/1509 Arabic: https://www.peaceagreements.org/document/1256,أصدر الرئيس هادي قرارا جمهوريا بتشكيل لجنة صياغة الدستور مكونة من 17 عضوا و عضوة. الإنجليزية:  https://www.peaceagreements.org/masterdocument/1509 بالعربية: https://www.peaceagreements.org/document/1256,National ,Implementation ,Political ,TRUE
2014,8,4,,2014,8,4,,,al-Qa'alah and al-Aghbarah Reconciliation Agreement,صلح بين  الكعلله والاغبره ,English: https://www.peaceagreements.org/masterdocument/2083 Arabic:https://www.peaceagreements.org/document/2953 ,باللغة الإنجليزية: https://www.peaceagreements.org/masterdocument/2083 بالعربية: https://www.peaceagreements.org/document/2953,Local ,Ceasefire ,,
2014,8,7,,2014,8,7,,,"Agreement document between the disputed parties in Bani Al-Amiriya, Bikal, Miazhar District",وثيقة اتفاق بين الأطراف المتنازعة في بني العامرية ، عزلة بكال، و مديرية مزهر,English: https://www.peaceagreements.org/masterdocument/2082 Arabic: https://www.peaceagreements.org/document/2972,باللغة الإنجليزية: https://www.peaceagreements.org/masterdocument/2082 بالعربية: https://www.peaceagreements.org/document/2972,Local ,Substantive-Partial ,,
2014,8,2,,2014,8,2,,,al-Qa'alah and Shubayqa Reconciliation Agreement,صلح بين الكعلله  والشبيقة,English: https://www.peaceagreements.org/masterdocument/2086 Arabic: https://www.peaceagreements.org/document/2951,باللغة الإنجليزية: https://www.peaceagreements.org/masterdocument/2086 بالعربية: https://www.peaceagreements.org/document/2951,Local ,Ceasefire ,,
2014,9,21,,2014,9,21,,,The Peace and National Partnership Agreement,اتفاق السلم والشراكة الوطنية,"The Houthis take control of Sanaa, following weeks of protest and the UN steps in to mediate on the Peace and National Partnership Agreement. This agreement focuses on the formation of new interim government led by Hadi, but with additional powers allocated to the Houthis and the Southern Movement. English: https://www.peaceagreements.org/masterdocument/798 Arabic: https://www.peaceagreements.org/document/3184","بعد سيطرة الحوثيون على صنعاء بعد أسابيع من الاحتجاجات، تدخلت الأمم المتحدة للتوسط و انتجت اتفاق السلام والشراكة الوطنية. ركز هذا الاتفاق على تشكيل حكومة مؤقتة جديدة ، ولكن مع صلاحيات إضافية خصصت للحوثيين والحراك الجنوبي. باللغة الإنجليزية https://www.peaceagreements.org/masterdocument/798
بالعربية: https://www.peaceagreements.org/document/3184",National ,Substantive-Partial ,Political ,TRUE
,,,,,,,,,,,,,,,,
,,,,,,,,,,,,,,,,
,,,,,,,,,,,,,,,,
,,,,,,,,,,,,,,,,
,,,,,,,,,,,,,,,,
,,,,,,,,,,,,,,,,
,,,,,,,,,,,,,,,,
,,,,,,,,,,,,,,,,
,,,,,,,,,,,,,,,,
,,,,,,,,,,,,,,,,
,,,,,,,,,,,,,,,,
2014,5,2,,2014,5,2,,,Agreement between al-ʿAwlaqī Tribe and al-Qaeda,اتفاقية بين قبيلة العوالق والقاعدة,English:  https://www.peaceagreements.org/masterdocument/1597 Arabic: https://www.peaceagreements.org/document/3168,باللغة الإنجليزية: https://www.peaceagreements.org/masterdocument/1597  بالعربية: https://www.peaceagreements.org/document/3168,Local,Ceasefire,,
,,,,,,,,,,,,,,,,
,,,,,,,,,,,,,,,,
,,,,,,,,,,,,,,,,
2014,6,26,,2014,6,26,,,Agreement between Ansar Allah and Salafists from the al-Noor Centre,وثيقة تعايش وإخاء بين انصار الله و السلفيين من مركز النور,English: https://www.peaceagreements.org/masterdocument/1883 Arabic: https://www.peaceagreements.org/document/2491,باللغة الإنجليزية: https://www.peaceagreements.org/masterdocument/1883 بالعربية: https://www.peaceagreements.org/document/2491,Local ,Prenegotiation,,
,,,,,,,,,,,,,,,,
2014,7,15,,2014,7,15,,,"Agreement between Ansar Allah and the al-Shilali Tribe in al-Ridmah, Ibb",اتفاق بين أنصار الله وقبيلة الشلالي في الرضمة ، إب,English: https://www.peaceagreements.org/masterdocument/2084 Arabic: https://www.peaceagreements.org/document/2955,باللغة الإنجليزية: https://www.peaceagreements.org/masterdocument/2084 بالعربية: https://www.peaceagreements.org/document/2955 ,Local ,Ceasefire ,,
,,,,,,,,,,,,,,,,
,,,,,,,,,,,,,,,,
,,,,,,,,,,,,,,,,
,,,,,,,,,,,,,,,,
2014,10,24,,2014,10,24,,,Agreement to Cease Fire between the Tihami Movement in Harah al-Yamin and Ansar Allah,اهالي وأعيان حارة اليمن بمحافظة الحديدة يوقعون اتفاقا للتعايش مع انصار الله  ,English: https://www.peaceagreements.org/masterdocument/2006  Arabic: https://www.peaceagreements.org/document/2660,باللغة الإنجليزية: https://www.peaceagreements.org/masterdocument/2006 بالعربية: https://www.peaceagreements.org/document/2660,Local ,Ceasefire,,
,,,,,,,,,,,,,,,,
2014,10,7,,2014,10,7,,,Houthis reject the appointment of Ahmed Bin Mubarak as Prime Minister.,الحوثيون يرفضون تعيين أحمد بن مبارك مرشحا لرئاسة مجلس الوزراء  ,"Hadi's Chief of Staff, Ahmed Awad bin Mubarak is declined as a nominee for PM by the Houthis. Later, he is detained by the Houthis on January 17, 2015. This was just before an NDC meeting to present a draft constitution stipulating the division of Yemen into six federal regions. ",يحتجز أحمد عوض بن مبارك مدير مكتب الرئيس هادي من قبل الحوثيين. و في 17 يناير 2015 أختطف مسلحين حوثيين بن مبارك من صنعاء واقتادوه إلى جهة مجهولة، لمنعه من تقديم مسودة للدستور الجديد خلال اجتماع رئاسي,,,Political ,
2014,10,23,,2014,10,23,,,"Untitled Agreement [in Yarim, Ibb Governorate]",اتفاقية بدون عنوان (في يريم، محافظة إب),Part of one of a series of agreements between Ansar Allah and local communities as they were expanding their territorial control in Yemen in 2014. Is arguably a form of surrender agreement on behalf of the local community. English: https://www.peaceagreements.org/masterdocument/2087 Arabic: https://www.peaceagreements.org/document/2950,جزء من سلسلة اتفاقيات بين الحوثيين والمجتمعات المحلية، حيث كانوا الحوثيون يوسعون سيطرتهم على الأراضي في اليمن منذ عام 2014. باللغة الإنجليزية: https://www.peaceagreements.org/masterdocument/2087 بالعربية: https://www.peaceagreements.org/document/2950,Local ,Ceasefire ,,
2014,11,1,,2014,11,1,,,Peace and National Partnership Implementation Agreement,اتفاقية السلم والشراكة الوطنية ,The agreement which outlines a commitment to fully support the new government of President Hadi is signed. https://www.peaceagreements.org/masterdocument/1884, تم توقيع الاتفاقية لمشاركة السلطة في الحكومة اليمنية. باللغة الإنجليزية: https://www.peaceagreements.org/masterdocument/1884,National ,Implementation ,,
2014,11,6,,2014,11,6,,,UN Sanctions Ali Abdullah Saleh,لأمم المتحدة تفرض عقوبات على الرئيس الاسبق صالح,"The UN announces sanctions on the former President Saleh, placing a travel ban on him after it becomes apparent that he supported the houthis in derailing the transitional process.",أعلنت الأمم المتحدة  فرض عقوبات على الرئيس السابق صالح ، وفرضت حظرًا السفر عليه بعد أن أصبح دعمه للحوثيين في إنهاء عملية الانتقال واضحا.,,,Political ,
,,,,,,,,,,,,,,,,
,,,,,,,,,,,,,,,,
,,,,,,,,,,,,,,,,
,,,,,,,,,,,,,,,,
,,,,,,,,,,,,,,,,
,,,,,,,,,,,,,,,,
2014,12,4,,2014,12,4,,,Agreement between the Tribes of Abeedah (ʿUbaydah) and Ansar Allah,اتفاقية بين قبائل عبيدة وأنصار الله,English:  https://www.peaceagreements.org/masterdocument/1676 Arabic: https://www.peaceagreements.org/document/2304,باللغة الإنجليزية: https://www.peaceagreements.org/masterdocument/1676 بالعربية: https://www.peaceagreements.org/document/2304,Local ,Substantive-Partial,,
,,,,,,,,,,,,,,,,
,,,,,,,,,,,,,,,,
,,,,,,,,,,,,,,,,
,,,,,,,,,,,,,,,,
,,,,,,,,,,,,,,,,
,,,,,,,,,,,,,,,,
,,,,,,,,,,,,,,,,
2015,1,22,,2015,1,22,,,President Hadi and PM Khaled Bahah resign,استقالة الرئيس هادي و رئيس الوزراء خالد بحاح,"An agreement is negotiated between the Houthis and the Hadi government to end the political and military stand-off, but quickly fails. Hadi resigns as President with his PM. Hadi and Bahah are placed under House arrest.",فشل الاتفاق الذي اصبح بموجبه الرئيس هادي رئيسا و خالد بحاح رئيس الوزراء بعد استقالتهما. ثم وضع هادي و بحاح تحت الاقامة الجبرية. ,,,Political ,
,,,,,,,,,,,,,,,,
,,,,,,,,,,,,,,,,
,,,,,,,,,,,,,,,,
2015,2,6,,2015,2,6,,,Houthis suspend the constitution and seize the government. Hadi flees to Aden.,"الحوثيون يستولون على الحكومة
",Houthis announce the suspension of the constitution and the house of representatives while Hadi withdraws his resignation,الحوثيون يعلقون الدستور ويحلوا مجلس النواب.,,,Political ,
,,,,,,,,,,,,,,,,
2015,2,21,,2015,2,21,,,Hadi flees to Aden and declares Aden the temporary capital,هادي يفر إلى عدن ويعلن عدن عاصمة مؤقتة,"Hadi escapes Sanaa and arrives in Aden, where he rescinds his resignation and denounces the Houthi take-over as a 'coup'.",فر هادي من صنعاء متجهاً إلى عدن  وأعلن منها سحب استقالته وأصدر بياناً أن اتفاق السلم و الشراكة باطل وان ما حصل في البلد هو انقلاب. ,,,Political ,
2015,3,18,,2015,3,18,,,NDC member and pro-Houthi journalist assassinated,اغتيل صحافي محسوب على جماعة أنصار الله,"The prominent political figure Abdulkarim al-Khaiwani, who had attended the NDC as a representative of Ansar Allah is killed in Sana’a.",اغتيل الصحفي و عضو الحوار الوطني، عبدالكريم الخيواني، في العاصمة صنعاء,,,Conflict ,
2015,3,20,,2015,3,20,,,First attack claimed by Islamic State in Sanaa,هجوم تتبناه الدولة الإسلامية في صنعاء هو الأول من نوعه,"Suicide bombs at three mosques kill 137 in Sanaa as well as a Houthi controlled office, in the first attack to be claimed by the Islamic State in Yemen.",أدت تفجيرات انتحارية في 3 مساجد في صنعاء الى قتل 137 شخصا.و هو الهجوم يعتبر الأول الذي تتبناه الدولة الإسلامية في صنعاء.,,,Conflict ,
2015,3,18,,2015,3,18,,,Warplane attacked the presidential palace in Aden,طائرة حربية تهاجم القصر الرئاسي بعدن ,"This comes after Saleh-Houthi forces clash with the popular resistance, which marked the worst clashes in years in Aden. ",بعد أن اشتبكت قوات صالح والحوثيين مع المقاومة الشعبية، شهدت عدن أسوأ اشتباكات منذ سنوات.,,,Conflict ,
,,,,,,,,,,,,,,,,
,,,,,,,,,,,,,,,,
,,,,,,,,,,,,,,,,
2015,3,26,,2015,3,26,,,Arab Coalition intervenes in Yemen,التحالف العربي يتدخل في اليمن,An Arab Coalition led by Saudi Arabia launch Operation Decisive Storm to restore Hadi's government as per his request. Hadi flees to Riyadh.,"أطلق التحالف العربي بقيادة المملكة العربية السعودية و عضوية اكثر من 12 دولة عربية عملية سميت ب ""عاصفة الحزم"" لإعادة الرئيس هادي مساعدته للعودة الى السلطة بعد أن هرب من عدن الى الرياض.",,,Conflict ,
,,,,,,,,,,,,,,,,
,,,,,,,,,,,,,,,,
,,,,,,,,,,,,,,,,
2015,4,2,,2015,4,2,,,AQAP capture Mukalla,تنظيم القاعدة في شبه الجزيرة العربية يستولي على المكلا، عاصمة حضرموت,The city is captured in a few days by AQAP. ,قام تنظيم القاعدة بالاستيلاء على المدينة في غضون أيام قليلة وظلت تحت سيطرتهم,,,Conflict,
,,,,,,,,,,,,,,,,
2015,4,14,,2015,4,14,,,United Nations Security Council Resolution 2216 Adopted,صدور قرار مجلس الأمن الدولي رقم 2216,A full arms embargo against the Ansar Allah/Saleh alliance and demands that all parties refrain from unilateral actions that could undermine the country’s UN-facilitated political transition.,,,,Political ,
,,,,,,,,,,,,,,,,
2015,4,22,,2015,4,22,,,Operation Restoring Hope,التحالف العربي يطلق عملية إعادة الأمل,The coalition announces that it has achieved its goals with Operation Decisive Storm and that Operation Restoring Hope has begun. ,"أعلن التحالف أنه حقق أهداف عملية عاصفة الحسم، ويعلن بدء عملية ""اعادة الأمل"" ",,,Conflict ,
,,,,,,,,,,,,,,,,
,,,,,,,,,,,,,,,,
,,,,,,,,,,,,,,,,
2015,4,22,,2015,4,22,,,Oman announce Muscat peace plan,تعلن سلطنة عمان عن خطة مسقط للسلام,Oman issues the 7-point Muscat Peace Plan.,أصدرت سلطنة عمان مشروع خطة تضمنت سبع نقاط لاعادة السلام في اليمن,,,Political ,
,,,,,,,,,,,,,,,,
,,,,,,,,,,,,,,,,
,,,,,,,,,,,,,,,,
2015,4,25,,2015,4,25,,,Ismail Ould Chekh Ahmed becomes UN Special Envoy to Yemen,الأمين العام للأمم المتحدة يعين إسماعيل ولد الشيخ أحمد مبعوثا خاصا الى اليمن,Ismail Ould Chekh Ahmed is appointed as UN Secretary-General Special Envoy to Yemen.,بعد استقالة المبعوث الخاص جمال بن عمر، تم تعيين ولد الشيخ لمواصلة دعم عملية السلام في اليمن  ,,,Political ,
,,,,,,,,,,,,,,,,
,,,,,,,,,,,,,,,,
,,,,,,,,,,,,,,,,
2015,4,26,,2015,4,26,,,Attacks on Saudi territory intensify,هجمات على الارأضي السعودية,Cross-border attack into Saudi Arabia kills one member of the Saudi National Guard.,أحد أفراد الحرس الوطني السعود يقتل بسبب هجوم عبر الحدود اليمنية ,,,Conflict ,
,,,,,,,,,,,,,,,,
2015,5,11,,2015,5,11,,,Saleh and Houthis declare alliance officially, الرئيس الأسبق صالح والحوثيين يعلنون تحالفهم رسميا,"Even though Saleh had provided Ansar Allah (Houthis) with everything they needed to capture Sanaa, it was on this day that their alliance was declared officially. ",على الرغم من أن صالح قد زود الحوثيين بكل ما يحتاجونه للاستيلاء على صنعاء ، الا أن هذا اليوم شهد الإعلان الرسمي ,,,Political ,
,,,,,,,,,,,,,,,,
2015,5,12,,2015,5,12,,,5-day ceasefire agreed,اتفاق وقف إطلاق النار لمدة خمسة أيام,5-day ceasefire agreed to by both parties. Humanitarian supplies arrive in Hodeidah.,وافق الطرفان على  وقف إطلاق النار لمدة خمسة أيام كي تصل الإمدادات الإنسانية إلى ميناء مدينة الحديدة,,,Conflict ,
,,,,,,,,,,,,,,,,
,,,,,,,,,,,,,,,,
,,,,,,,,,,,,,,,,
2015,5,17,,2015,5,17,,,Riyadh Conference held for pro-government coalitions,انعقاد مؤتمر الرياض,The conference is attended by various political party delegates to isolate the Houthis and salvage the federal state of Yemen and the NDC outcomes. The conference affirms UNSC 2216.,"مؤتمر سياسي يمني انعقد في الفترة 17 - 19 مايو 2015  في العاصمة السعودية الرياض بين الأطراف السياسية اليمنية المختلفة، تحت شعار ""انقاذ اليمن وبناء الدولة الإتحادية"". وجاء انعقادة في ظل أحداث الحرب الأهلية اليمنية والعمليات العسكرية ضد الحوثيين التي تقودها المملكة العربية السعودية. ويهدف المؤتمر إلى استعادة الدولة اليمنية وتنفيذ مخرجات الحوار",,,Political ,
,,,,,,,,,,,,,,,,
2015,6,2,,2015,6,2,,,Statement on Security in Governorate of Ibb,بيان حول الأمن في محافظة إب,English: https://www.peaceagreements.org/masterdocument/1823 Arabic: https://www.peaceagreements.org/document/2389 ,باللغة الإنجليزية: https://www.peaceagreements.org/masterdocument/1823 بالعربية: https://www.peaceagreements.org/document/2389,Local ,Prenegotiation ,,
,,,,,,,,,,,,,,,,
2015,6,15,,2015,6,15,,,Geneva I talks begin,بدء محادثات جنيف الأولى,Preliminary Inclusive Consultations between Ansar Allah and the Yemeni government begin in Geneva. This was after they were postponed from the 28th of May. ,تبدأ في جنيف مشاورات أولية مباشرة بين أنصار الله والحكومة اليمنية بعد أن كانت  المحادثات قد تأجلت من 28 مايو,,,Political ,
,,,,,,,,,,,,,,,,
,,,,,,,,,,,,,,,,
2015,8,15,,2015,8,15,,,"Agreement between al-Rabadi Resistance and Ansar Allah, Ibb Governorate",اتفاق بين مقاومة الربادي وأنصار الله، محافظة إب,English: https://www.peaceagreements.org/masterdocument/2214 Arabic: https://www.peaceagreements.org/document/3088,باللغة الإنجليزية: https://www.peaceagreements.org/masterdocument/2214 بالعربية: https://www.peaceagreements.org/document/3088,Local ,Ceasefire ,,
,,,,,,,,,,,,,,,,
,,,,,,,,,,,,,,,,
,,,,,,,,,,,,,,,,
,,,,,,,,,,,,,,,,
2015,9,4,,2015,9,4,,,Dozens killed at Marib base by Houthi/Saleh missile,مقتل العشرات بصاروخ حوثي/حرس جمهوري ضد قاعدة عسكرية في مأرب,"Missile kills 67 coalition troops, mostly Emirati, during an attack on an Arab Coalition base in Marib governorate.",هجوم صاروخي يقتل 67 فردا من قوات التحالف على الأقل، معظمهم من الإماراتيين، خلال هجوم على قاعدة للتحالف العربي في محافظة مأرب ,,,Conflict ,
,,,,,,,,,,,,,,,,
2015,9,29,,2015,9,29,,,Al-Mokha funeral strike ,قصف عرس المخاء,"A suspected airstrike on a wedding party in Al-Mokha, Taiz, kills 130 people. ",أدت غارة جوية على حفل زواج في مدينة المخاء بمحافظة تعز بمقتل  نحو 131 شخصا,,,Conflict,
,,,,,,,,,,,,,,,,
2015,10,19,,2015,10,19,,,Seven Point Peace Plan (Muscat Principles),خطة مكونة من سبع نقاط للسلام (مبادئ مسقط),https://www.peaceagreements.org/masterdocument/1734,بالإنجليزي: https://www.peaceagreements.org/masterdocument/1734,National ,Prenegotiation,,
,,,,,,,,,,,,,,,,
,,,,,,,,,,,,,,,,
,,,,,,,,,,,,,,,,
2015,10,26,,2015,10,26,,,Sadaa hospital destroyed in airstrike,تدمير مستشفى في صعدة جراء غارة جوية ,MSF report the destruction of an MSF-run hospital in Sadaa from an airstrike,أفادت منظمة أطباء بلا حدود عن تدمير مستشفى تابع لها في صعدة من غارة جوية,,,Conflict ,
,,,,,,,,,,,,,,,,
,,,,,,,,,,,,,,,,
,,,,,,,,,,,,,,,,
,,,,,,,,,,,,,,,,
,,,,,,,,,,,,,,,,
,,,,,,,,,,,,,,,,
,,,,,,,,,,,,,,,,
2015,12,6,,2015,12,6,,,Governor of Aden killed by Islamic State,مقتل محافظ عدن على يد الدولة الإسلامية,"Governor of Aden, Jaafar Mohammed Saad, and 6 bodyguards killed in car bombing claimed by the Islamic State. Aidrous Al-Zubaydi is appointed as successor.",أعلن عن مقتل محافظ عدن اللواء جعفر محمد سعد وستة من مرافقيه جراء تفجير سيارة تبنىاه تنظيم الدولة الإسلامية. وتم تعيين عيدروس الزبيدي خلفا له و شلال شايع مديرا للأمن.,,,Conflict ,
,,,,,,,,,,,,,,,,
,,,,,,,,,,,,,,,,
,,,,,,,,,,,,,,,,
2015,12,15,,2015,12,15,,,Geneva II begins,بدء الجولة الثانية من مفاوضات جنيف,"A second round of negotiations is scheduled to begin between Ansar Allah and the Yemeni Government in Geneva, but is delayed and talks eventually breakdown following ceasefire violations from both sides.",كان من المقرر أن تبدأ جولة ثانية من المفاوضات في جنيف بين أنصار الله والحكومة اليمنية ولكنها أجلت ثم انهارت بعد انتهاكات لوقف إطلاق النار من كلا الجانبين.,,,Political ,
,,,,,,,,,,,,,,,,
,,,,,,,,,,,,,,,,
,,,,,,,,,,,,,,,,
2016,2,29,,2016,2,29,,,Agreement to Solve the Problem regarding al-Maashiq Palace,اتفاق لحل المشكلة المتعلقة بقصر المعاشيق.,A short agreement on the transfer of checkpoints to the Southern Resistance from the al-Ma'ashiq Guards (al-Ma'ashiq) in the Presidential Palace in Aden. https://www.peaceagreements.org/masterdocument/2007 ,اتفاق قصير على نقل نقاط التفتيش إلى المقاومة الجنوبية من حرس المعاشيق في القصر الرئاسي في عدن. باللغة الإنجليزية: https://www.peaceagreements.org/masterdocument/2007,Local ,Prenegotiation,,
,,,,,,,,,,,,,,,,
,,,,,,,,,,,,,,,,
,,,,,,,,,,,,,,,,
2016,3,4,,2016,3,4,,,Islamic State claim attack on charity in Aden,الدولة الإسلامية تتبنى هجوم على جمعية خيرية في عدن,"16 killed in an attack on the Missionaries of Charity in Aden, including four Indian nuns. An Indian priest was also kidnapped. ",مقتل 16 في هجوم على جمعية المحسنين، و راح فيها العدد من الراهبات الهنديات و اختطف كاهن هندي.,,,Conflict ,
,,,,,,,,,,,,,,,,
,,,,,,,,,,,,,,,,
,,,,,,,,,,,,,,,,
2016,3,6,,2016,3,6,,,Local mediators establish prisoner exchange and border truce,وسطاء محليون يتوصلون إلى اتفاق لتبادل الأسرى والهدنة على الحدود,A 'border calm' is negotiated by local mediators to ending fighting on the Sadaa-Saudi border in addition to a prisoner exchange.,تم التفاوض على التهدئة على الحدود من قبل وسطاء محليين لإنهاء القتال على حدود بين محافظة صعدة والسعودية بالإضافة إلى تبادل الأسرى,,,Political ,
,,,,,,,,,,,,,,,,
,,,,,,,,,,,,,,,,
,,,,,,,,,,,,,,,,
2016,4,2,,2016,4,2,,,"Ceasefire Agreement for the Governorate of al-Hajjah between Ansar Allah and the Government of Yemen, signed in Dhahran al-Janoub",اتفاقية وقف إطلاق النار في محافظة حجة بين أنصار الله والحكومة الشرعية اليمنية ، الموقعة في ظهران الجنوب.,"Ceasefire Agreement in the Governorate of al-Hajjah between Ansar Allah and the Government of Yemen, signed in Dhahran al-Janoub and mediated by local tribes. https://www.peaceagreements.org/masterdocument/1824 ",تم توقيع اتفاقية وقف إطلاق النار في محافظة حجة بين أنصار الله والحكومة اليمنية المعترف بها دولياً ، الموقعة في ظهران الجنوب وبواسطة القبائل المحلية. الإنجليزية:  https://www.peaceagreements.org/masterdocument/1824,National ,Ceasefire,,
,,,,,,,,,,,,,,,,
,,,,,,,,,,,,,,,,
,,,,,,,,,,,,,,,,
2016,4,3,,2016,4,3,,,Ali Mohsin al-Ahmar appointed as Vice President,تعيين علي محسن الأحمر نائباً للرئيس,"Hadi appoints Ali Mohsen al-Ahmar as Vice President, replacing Khalid Bahah",صدر قرار جمهوري بتعيين علي محسن الأحمر نائبًا له ليحل محل خالد بحاح.,,,Political ,
,,,,,,,,,,,,,,,,
,,,,,,,,,,,,,,,,
,,,,,,,,,,,,,,,,
,,,,,,,,,,,,,,,,
,,,,,,,,,,,,,,,,
,,,,,,,,,,,,,,,,
2016,4,4,,2016,4,4,,,"Ceasefire Implementation Agreement for the Governorate of Hajjah, signed in Dhahran al-Janoub",اتفاقية تنفيذ وقف إطلاق النار في محافظة حجة، الموقعة في ظهران الجنوب. .,A ceasefire is negotiated for Hajjah signed in Dahran al-Janoub.,يتم التفاوض على وقف إطلاق النار في حجة في اتفاقية وقعت في ظهران الجنوب.,,,Political ,
2016,4,4,,2016,4,4,,,,,Ceasefire agreement  English: https://www.peaceagreements.org/masterdocument/1825 Arabic: https://www.peaceagreements.org/document/2958,وقف إطلاق النار.  باللغة الإنجليزية: https://www.peaceagreements.org/masterdocument/1825 بالعربية: https://www.peaceagreements.org/document/2958,National ,Ceasefire,,
,,,,,,,,,,,,,,,,
,,,,,,,,,,,,,,,,
2016,4,10,,2016,4,10,,,"Dhahran al-Janoub Agreements on the Cessation of Hostilities in Yemen for Shabwah, al-Dhali'a, al-Baydah, al-Jawf, Marib, Taiz and Terms and Conditions",اتفاقيات ظهران الجنوب لوقف الأعمال القتالية في اليمن في شبوة والضالع والبيضاء والجوف ومأرب وتعز ,"A series of 5 other governorate-level ceasefires are signed in Dharan al-Janoub for Jawf, Baydah, Lahj, Marib, and Taiz. Ceasefires for Marib and Taiz are amended to better fit local conditions.",تم التوقيع على سلسلة  اتفاقيات لوقف إطلاق النار على مستوى خمس محافظات أخرى وهي: الجوف والبيضاء ولحج ومأرب وتعز وتم تعديل اتفاقيات وقف إطلاق النار لمحافظتي مأرب وتعز لتناسب الظروف المحلية,,,Political ,
2016,4,10,,2016,4,10,,,,,Ceasefire agreement  https://www.peaceagreements.org/masterdocument/1586,وقف إطلاق النار. باللغة الإنجليزية: https://www.peaceagreements.org/masterdocument/1586,National ,Ceasefire ,,
,,,,,,,,,,,,,,,,
,,,,,,,,,,,,,,,,
2016,4,20,,2016,4,20,,,Dhalea Ceasefire,وقف إطلاق النار في الضالع,English: https://www.peaceagreements.org/masterdocument/2009 Arabic: https://www.peaceagreements.org/document/2662,باللغة الإنجليزية: https://www.peaceagreements.org/masterdocument/2009 باللغة العربية: https://www.peaceagreements.org/document/2662,Local ,Ceasefire,,
,,,,,,,,,,,,,,,,
,,,,,,,,,,,,,,,,
,,,,,,,,,,,,,,,,
,,,,,,,,,,,,,,,,
,,,,,,,,,,,,,,,,
,,,,,,,,,,,,,,,,
2016,4,10,,2016,4,10,,,Yemeni Military Ceasefire Order (with Signature by Ansar Allah Representative),أمر وقف اطلاق النار من قبل أنصار الله لمقاتليهم (بحضور و توقيع ممثل لأنصار الله),English: https://www.peaceagreements.org/masterdocument/2008 Arabic: https://www.peaceagreements.org/document/2665,باللغة الإنجليزية: https://www.peaceagreements.org/masterdocument/2008 بالعربية: https://www.peaceagreements.org/document/2665,National ,Ceasefire,,
,,,,,,,,,,,,,,,,
,,,,,,,,,,,,,,,,
,,,,,,,,,,,,,,,,
2016,4,16,,2016,4,16,,,Ta'iz Ceasefire Agreement,اتفاقية وقف اطلاق النار في تعز ,English: https://www.peaceagreements.org/masterdocument/1826 Arabic: https://www.peaceagreements.org/document/2383 ,باللغة الإنجليزية: https://www.peaceagreements.org/masterdocument/1826 بالعربية: https://www.peaceagreements.org/document/2383,Local ,Ceasefire,,
,,,,,,,,,,,,,,,,
,,,,,,,,,,,,,,,,
,,,,,,,,,,,,,,,,
2016,4,17,,2016,4,17,,,Implementation Mechanism of the Ceasefire Agreement in the Governorate of Marib ,آلية تنفيذ اتفاقية وقف إطلاق النار في محافظة مأرب,English: https://www.peaceagreements.org/masterdocument/2010 Arabic: https://www.peaceagreements.org/document/2666 ,باللغة الإنجليزية: https://www.peaceagreements.org/masterdocument/2010 بالعربية: https://www.peaceagreements.org/document/2666,Local ,Ceasefire,,
,,,,,,,,,,,,,,,,
2016,4,20,,2016,4,20,,,al-Baydah Ceasefire ,وقف إطلاق النار في البيضاء ,English: https://www.peaceagreements.org/masterdocument/2089 Arabic: https://www.peaceagreements.org/document/2976 ,باللغة الإنجليزية: https://www.peaceagreements.org/masterdocument/2089 باللغة العربية: https://www.peaceagreements.org/document/2976 ,Local ,Ceasefire ,,
,,,,,,,,,,,,,,,,
2016,4,21,,2016,4,21,,,Kuwaiti peace talks begin,بدء محادثات السلام في الكويت,Delegations in Kuwait negotiate via 'proximity talks',توافدت الى دولة االكويت وفود من الحكومة و أنصار الله في الكويت في مفاوضات غير مباشرة,,,Political ,
,,,,,,,,,,,,,,,,
,,,,,,,,,,,,,,,,
,,,,,,,,,,,,,,,,
2016,4,26,,2016,4,26,,,Mukalla re-captured from AQAP,إعادة استيلاء المكلا من قبل التحالف,AQAP driven out of Mukalla by Emirati and Southern Resistance forces.,إخراج تنظيم القاعدة من المكلا على يد قوات إماراتية و قوات نخبة حضرموت و قوات موالية للتحالف,,,Conflict ,
,,,,,,,,,,,,,,,,
,,,,,,,,,,,,,,,,
,,,,,,,,,,,,,,,,
2016,6,6,,2016,6,6,,,Prisoner swap occurs, تبادل الأسرى,Parties implement a prisoner swap.,تنفيذ الأطراف  بتبادل الأسرى,,,Political ,
,,,,,,,,,,,, ,,,,
,,,,,,,,,,,,,,,,
,,,,,,,,,,,,,,,,
2016,7,28,,2016,7,28,,,Supreme Political Council (SPC) formed in Sanaa,تشكيل المجلس السياسي الأعلى في صنعاء,The GPC and Ansar Allah announce the formation of a Supreme Political Council in Sanaa.,يعلن المؤتمر الشعبي العام وأنصار الله تشكيل المجلس السياسي الأعلى في صنعاء كهيئة تنفيذية,,,Political ,
,,,,,,,,,,,,,,,,
,,,,,,,,,,,,,,,,
,,,,,,,,,,,,,,,,
2016,8,6,,2016,8,6,,,Kuwaiti talks end,انتهاء محادثات الكويت,Kuwait talk end following deadlock., محادثات الكويت تتوقف بعد عدم الوصول الى أي اتفاقات,,,Political ,
,,,,,,,,,,,,,,,,
,,,,,,,,,,,,,,,,
,,,,,,,,,,,,,,,,
2016,8,14,,2016,8,14,,,First meeting of SPC in Sanaa,المجلس السياسي الأعلى يعقد اجتماعه الأول في صنعاء,Supreme Political Council in Sanaa meet in Sanaa's parliament building.,أجتمع المجلس السياسي الأعلى في مبنى مجلس النواب في صنعاء. ,,,Political ,
,,,,,,,,,,,,,,,,
,,,,,,,,,,,,,,,,
,,,,,,,,,,,,,,,,
2016,8,25,,2016,8,25,,,Kerry Roadmap initiative announced,مبادرة كيري للسلام,"US Secretary of State, John Kerry, announces a roadmap for peace talks.",أعلن وزير الخارجية الأمريكي جون كيري عن خارطة طريق لمحادثات السلام بين الأطراف اليمنية,,,Political ,
,,,,,,,,,,,,,,,,
,,,,,,,,,,,,,,,,
,,,,,,,,,,,,,,,,
2016,10,8,,2016,10,8,,,Funeral airstrike in Sanaa,غارة جوية من التحالف تستهدف عزاء في صنعاء (الصالة الكبرى,"Two Coalition airstrikes hit a funeral in Sanaa, killing 155 and wounding 525.",ضربت غارتان لقوات التحالف مبنى اقيم به عزاء في صنعاء، مما أسفر عن مقتل 155 وإصابة 525 شخصا.,,,Conflict ,
,,,,,,,,,,,,,,,,
,,,,,,,,,,,,,,,,
,,,,,,,,,,,,,,,,
2016,10,19,,2016,10,19,,,UN calls for ceasefire,الأمم المتحدة تدعو إلى وقف إطلاق النار,"UN Special Envoy for Yemen, Ismail Ould Cheikh Ahmed calls for a 72-hour ceasefire and re-activation of the Dharan al-Janoub De-escalation and Coordination Committee.",دعا المبعوث الخاص لليمن إسماعيل ولد الشيخ أحمد إلى وقف إطلاق النار لمدة 72 ساعة وإعادة تفعيل لجنة ظهران الجنوب للتهدئة والتنسيق,,,Political ,
,,,,,,,,,,,,,,,,
,,,,,,,,,,,,,,,,
,,,,,,,,,,,,,,,,
2016,10,25,,2016,10,25,,,Quad roadmap initiative announced,إعلان مبادرة المجموعة الرباعية,"The 'Quad' consisting of Saudi Arabia, the UAE, UK and US, announce a new roadmap.",أعلنت المجموعة الرباعية التي تضم السعودية والإمارات والمملكة المتحدة والولايات المتحدة عن خارطة طريق جديدة من أجل استئناف عملية السلام,,,Political ,
,,,,,,,,,,,,,,,,
,,,,,,,,,,,,,,,,
,,,,,,,,,,,,,,,,
2016,11,16,,2016,11,16,,,Statement,بيان,A short statement issued by Ansar Allah and the General People's Congress agreeing to the Muscat Principles and to send representatives to the Calm and Coordination Committee in November 2016. The meetings did not take place. English: https://www.peaceagreements.org/masterdocument/2014 Arabic: https://www.peaceagreements.org/document/2742,بيان موجز صادر عن أنصار الله والمؤتمر الشعبي العام أعربوا فيه الموافقة لمبادئ مسقط وإرسال ممثلين إلى لجنة التهدئة والتنسيق في نوفمبر 2016. الاجتماعات لم تعقد. باللغة الإنجليزية: https://www.peaceagreements.org/masterdocument/2014  باللغة العربية: https://www.peaceagreements.org/document/2742,National ,Prenegotiation,,
,,,,,,,,,,,,,,,,
,,,,,,,,,,,,,,,,
,,,,,,,,,,,,,,,,
2017,1,23,,2017,1,23,,,Mokha captured by pro-Hadi forces,قوات موالية لهادي تستولي على المخاء,Hadi Loyalist forces seize Mokha port on the west coast., أستولت قوات موالية لهادي على ميناء المخاء على الساحل الغربي,,,Conflict ,
,,,,,,,,,,,,,,,,
,,,,,,,,,,,,,,,,
,,,,,,,,,,,,,,,,
2017,1,29,,2017,1,29,,,Navy SEAL raid in al-Baydah,غارة تابعة للبحرية الأمريكية في البيضاء,A Navy SEAL is reported killed in US raid on suspected AQAP targets in al-Baydah. The attack reportedly killed 10 Yemeni women and children.,قُتل جندي من القوات البحرية الأمريكية في غارة أمريكية على أهداف يشتبه أنها يتبع لتنظيم القاعدة في شبه الجزيرة العربية في البيضاء وأسفر الهجوم عن مقتل 10 نساء وأطفال يمنيين,,,Conflict ,
,,,,,,,,,,,,,,,,
,,,,,,,,,,,,,,,,
,,,,,,,,,,,,,,,,
2017,3,18,,2017,3,18,,,42 Somalis killed in helicopter attack on boat,مقتل 42 لاجئا صوماليا على متن قارب في هجوم  شنته طائرة عمودية,"A helicopter gunship attacks a boat off the coast of Yemen, killing 42 Somalis.",هجوم طائرة هيلوكبتر على قارب قبالة سواحل اليمن مما أسفر عن مقتل 42 مواطن صومالي,,,Conflict ,
,,,,,,,,,,,,,,,,
,,,,,,,,,,,,,,,,
,,,,,,,,,,,,,,,,
2017,5,4,,2017,5,4,,,Aden Historic Declaration issued forming Southern Transitional Council,إعلان عدن التاريخي الذي شكل المجلس الانتقالي الجنوبي ,"Aden Historic Declaration is read in Aden, announcing the formation of the Southern Transitional Council, by former-Governor Aydrus al-Zubaydi.",أصدر المحافظ السابق لمحافظة عدن عيدروس الزبيدي إعلان عدن التاريخي في مدينة عدن، معلنا تشكيل المجلس الانتقالي الجنوبي,,,Political ,
,,,,,,,,,,,,,,,,
2017,5,30,,2017,5,30,,,First Yemeni woman to brief UNSC on the conflict in Yemen ,أول امرأة يمنية تحيط مجلس الأمن على الصراع في اليمن,"Radhya Al-Mutawakel, founder of Mwatana and human rights activist briefs the UNSCR on the Yemeni humanitarian crisis and the devastating effects of the war on women.  ",رضية المتوكل، مؤسسة مواطنة لحقوق الإنسان، وناشطة انسانية تحيط مجلس الأمن الدولي على الأزمة الإنسانية اليمنية والآثار المدمرة للحرب على النساء و الشعب ,,,Political ,
,,,,,,,,,,,,,,,,
,,,,,,,,,,,,,,,,
,,,,,,,,,,,,,,,,
,,,,,,,,,,,,,,,,
2017,11,6,,2017,11,6,,,Humanitarian aid blocked by Arab Coalition,التحالف العربي يمنع المساعدات الإنسانية بالوصول,Arab Coalition prevents planes carrying humanitarian aid from landing in Yemen.,التحالف العربي يمنع الطائرات التي تحمل مساعدات إنسانية من الهبوط مطار صنعاء الدولي,,,Conflict ,
,,,,,,,,,,,,,,,,
,,,,,,,,,,,,,,,,
,,,,,,,,,,,,,,,,
2017,11,28,,2017,11,28,,,Saleh defects from Ansar Allah-GPC alliance,الرئيس الاسبق علي عبدالله صالح ينهي التحالف مع الحوثيين,President Saleh announces his defection from Ansar Allah (Houthis) sparking a firefight in Sanaa.,أعلن الرئيس صالح عن انشقاقه عن الحوثيين مما أدى إلى نشوب معركة في صنعاء,,,Conflict ,
,,,,,,,,,,,,,,,,
,,,,,,,,,,,,,,,,
,,,,,,,,,,,,,,,,
2017,12,4,,2017,12,4,,,Ali Abdullah Saleh is killed,اغتيال علي عبدالله صالح,Ex-President Saleh is assassinated by Houthi gunmen in Sanaa after a three day battle.,اغتيل الرئيس الأسبق صالح من قبل مسلحين من الحوثيين في صنعاء بعد معركة استمرت لثلاثة أيام,,,Conflict ,
,,,,,,,,,,,,,,,,
,,,,,,,,,,,,,,,,
,,,,,,,,,,,,,,,,
2017,12,6,,2017,12,6,,,Hodeidah offensive launched by Arab Coalition,بدء هجوم الحديدة الذي أطلقه التحالف العربي,Arab Coalition launch the offensive to re-take Hodeidah governorate.,أطلق التحالف العربي هجوما كبيرا لإعادة السيطرة على محافظة الحديد,,,Conflict ,
,,,,,,,,,,,,,,,,
,,,,,,,,,,,,,,,,
,,,,,,,,,,,,,,,,
2017,10,1,,2017,12,21,,,"Cholera kills at least 2,200",وباء الكوليرا يقتل اكثر من 2200 شخص,"October - December 21, 2017: Yemen faces the worst Cholera outbreak since records began. By October 2017, in the space of six months, the World Health Organisation had reported more than 815,000 suspected cases of the disease (with cases likely to rise to over 1 million by early 2019 – UN estimate) and 2,156 deaths. By December, the ICRC announces that 1 million cases of cholera have been reported since outbreak in spring 2017, with 2,200 deaths. This surpasses the biggest outbreak of the disease in modern history, since records began in 1949. ",اليمن يواجه أسوأ تفشي للكوليرا. بحلول أكتوبر 2017، في غضون ستة أشهر، أبلغت منظمة الصحة العالمية عن تفشي أكثر من 815000 حالة مشتبه فيها ثم ترتفع إلى أكثر من مليون بحلول أوائل عام 2019 بحسب تقديرات الأمم المتحدة) و 2156 حالة وفاة . بحلول ديسمبر، أعلنت اللجنة الدولية للصليب الأحمر تعلن أنه تم الإبلاغ عن مليون حالة كوليرا منذ انتشار المرض في ربيع عام 2017، بما في ذلك 2200 حالة وفاة. وبهذا يتجاوز أكبر انتشار للمرض في التاريخ الحديث منذ أن بدء تسجيله منذ عام 1949,,,Conflict ,
,,,,,,,,,,,,,,,,
,,,,,,,,,,,,,,,,
,,,,,,,,,,,,,,,,
2018,1,28,,2018,1,28,,,Firefight between Southern Transitional Council and Yemeni government,معارك بين المجلس الانتقالي الجنوبي والحكومة اليمنية,"Rifts between the Southern Transitional Council and Yemeni government intensify after the STC prohibits the holding of a cabinet meeting at the Presidential Palace in Aden and demand the sacking of Prime Minister Ahmed bin Daghr. Fighting breaks out on January 28. STC-aligned forces manage to capture two military camps to the north of the city, as well as break through the initial defenses of the Presidential Palace. The Arab Coalition intervenes and mediates a ceasefire.",تصاعدت الخلافات بين المجلس الانتقالي الجنوبي والحكومة اليمنية بعد منع المجلس الانتقالي عقد اجتماع لمجلس الوزراء في قصر الرئاسة في عدن ومطالبته بإقالة رئيس الوزراء أحمد بن دغر. انفجر القتال في 28 يناير وتمكنت قوات متحالفة مع المجلس الانتقالي الجنوبي من السيطرة على معسكرين شمال المدينة، بالإضافة إلى اختراق خط الدفاع الأول للقصر الرئاسي. تدخل التحالف العربي وتوسط لوقف إطلاق النار ,,,Conflict ,
,,,,,,,,,,,,,,,,
,,,,,,,,,,,,,,,,
,,,,,,,,,,,,,,,,
2018,1,18,,2018,1,18,,,"Agreement regarding the Exchange of Prisoners, Detainees, Remains and Missing Persons",الاتفاق المتعلق بتبادل السجناء والمحتجزين والمفقودين ,English: https://www.peaceagreements.org/masterdocument/2119  Arabic: https://www.peaceagreements.org/document/2847,https://www.peaceagreements.org/document/2847 :بالعربية  https://www.peaceagreements.org/masterdocument/2119:باللغة الإنجليزية,Local ,Ceasefire,,
,,,,,,,,,,,,,,,,
,,,,,,,,,,,,,,,,
,,,,,,,,,,,,,,,,
2018,2,18,,2018,2,18,,,Martin Griffiths becomes UN Special Envoy,تعيين مارتن غريفيث مبعوثا خاصا للأمم المتحدة,Martin Griffiths is appointed as Secretary-General Special Envoy to Yemen.,مارتن غريفيث يعين كمبعوث خاص للأمين العام للأمم المتحدة لليمن خلفا لإسماعيل ولد الشيخ أحمد,,,Political ,
,,,,,,,,,,,,,,,,
,,,,,,,,,,,,,,,,
,,,,,,,,,,,,,,,,
2018,4,3,,2018,4,3,,,22 million Yemenis require aid,اكثر من 22 مليون يمني محتاج لنوع من المساعدة,"22 million Yemenis are reported as requiring humanitarian aid and 18 million are food insecure. In the conflict, 85,000 children have died of hunger. ",أفادت تقارير أن 22 مليون يمني يحتاجون إلى مساعدات إنسانية و 18 مليون يعانون من انعدام الأمن الغذائي. منذ اندلاع الصراع، 85000 طفل مات من الجوع حتى هذا التاريخ,,,Conflict ,
,,,,,,,,,,,,,,,,
2018,4,27,,2018,4,27,,,Minutes of Agreement - Ta'iz,دقائق من الاتفاق – تعز ,English: https://www.peaceagreements.org/masterdocument/2176 Arabic: https://www.peaceagreements.org/document/3028,باللغة الإنجليزية: https://www.peaceagreements.org/masterdocument/2176 بالعربية: https://www.peaceagreements.org/document/3028,Local ,Ceasefire ,,
,,,,,,,,,,,,,,,,
2018,4,30,,2018,4,30,,,Takeover of Socotra ,الامارات العربية المتحدة  تتواجد في جزيرة سقطرى,"UAE and coalition forces takeover Socotra, causing tensions between the government of Yemen and the UAE",الإمارات تنشر قواتها في سقطرى و يسبب ذلك بصنع بتوتر مع الحكومة اليمنية,,,Political ,
,,,,,,,,,,,,,,,,
,,,,,,,,,,,,,,,,
,,,,,,,,,,,,,,,,
2018,7,3,,2018,7,3,,,Arab Coalition bomb wedding,التحالف العربي يقصف حفل زفاف,Arab Coalition airstrike hits a wedding in Sadaa killing 8.,غارة جوية يطلقها للتحالف العربي تصيب حفل زفاف في صعدة وتقتل 8 أشخاص,,,Conflict ,
,,,,,,,,,,,,,,,,
,,,,,,,,,,,,,,,,
,,,,,,,,,,,,,,,,
2018,7,25,,2018,7,25,,,Bab al-Mandeb shipping suspended,توقف الشحن عبر باب المندب,Shipping suspending in Bab al-Mandeb following a Houthi attack on two Saudi National Shipping Corporation Tankers.,توقف الشحن في باب المندب إثر هجوم للحوثيين على ناقلتين تابعتين لشركة الملاحة الوطنية السعودية,,,Conflict ,
,,,,,,,,,,,,,,,,
,,,,,,,,,,,,,,,,
,,,,,,,,,,,,,,,,
2018,8,9,,2018,8,9,,,Arab Coalition strikes school bus,التحالف العربي يقصف حافلة مدرسية,"Coalition airstrike in Sadaa hits bus killing 51, including children.",تضرب غارة جوية للتحالف العربي حافلة في صعدة وتقتل 51 شخصا معضمهم أطفال,,,Conflict ,
,,,,,,,,,,,,,,,,
2018,9,6,,2018,9,6,,,Geneva Consultations cancelled,إلغاء مشاورات جنيف,"Geneva consultations were scheduled, however, the Ansar Allah (Houthi) delegation didn’t arrive as they demanded members of their group be transported to Oman for medical treatment. ",كان من المقرر إجراء مشاورات في جنيف، ولكن وفد الحوثي لم يغادر صنعاء,,,Political ,
2018,11,18,,2018,11,18,,,Rasha Jarhum addresses the UNSC regarding Women's demands  and their inclusion in the peace process,رشا جرهوم تخاطب مجلس الأمن بشأن مطالب المرأة وإدماجها في عملية السلام,irector of Peace Track Initiative and founding member of the Women Solidarity Network connecting 250 women inside and outside of Yemen., رئيسة مبادرة مسار السلام وعضوة مؤسسة في شبكة التضامن النسوي بربط 250 امرأة داخل وخارج اليمن,,,Political ,
2018,12,6,,2018,12,6,,,Stockholm peace talks begin,محادثات ستوكهولم للسلام,"Talks begin in Stockholm Sweden, resulting in preliminary agreements on the situations of Taiz and Hodeidah as well as a prisoner release.",بدأت محادثات في ستوكهولم في السويد وتوصلت إلى اتفاقات مبدئية حول الحديدة، ثم مذكرة تفاهم حول تطبيع الاوضاع في تعز وكذلك اتفاقية لتبادل الأسرى,,,Political ,
,,,,,,,,,,,,,,,,
,,,,,,,,,,,,,,,,
,,,,,,,,,,,,,,,,
2018,12,13,,2018,12,13,,,Stockholm Agreement,اتفاق ستوكهولم,English: https://www.peaceagreements.org/masterdocument/2121 Arabic: https://www.peaceagreements.org/document/3180,اتفاق المفاوضات التمهيدية. باللغة الإنجليزية: https://www.peaceagreements.org/masterdocument/2121 بالعربية: https://www.peaceagreements.org/document/3180,National ,Prenegotiation,,
,,,,,,,,,,,,,,,,
,,,,,,,,,,,,,,,,
,,,,,,,,,,,,,,,,
2018,12,13,,2018,12,13,,,"Agreement on the City of Hodeidah and Ports of Hodeidah, Salif, and Ras Isa (Hodeidah Agreement)",اتفاق حول مدينة الحديدة موانئ الحديدة والصليف ورأس عيسى,English: https://www.peaceagreements.org/masterdocument/2120 Arabic: https://www.peaceagreements.org/document/3181,اتفاق وقف إطلاق النار. باللغة الإنجليزية: https://www.peaceagreements.org/masterdocument/2120 بالعربي:https://www.peaceagreements.org/document/3181   ,National ,Ceasefire,,
,,,,,,,,,,,,,,,,
,,,,,,,,,,,,,,,,
,,,,,,,,,,,,,,,,
2018,12,13,,2018,12,13,,,Statement of Understanding on Ta'iz,اعلان تفاهمات حول تعز,English: https://www.peaceagreements.org/masterdocument/2122 Arabic: https://www.peaceagreements.org/document/3182,اتفاق المفاوضات التمهيدية. باللغة الإنجليزية: https://www.peaceagreements.org/masterdocument/2122 بالعربية: https://www.peaceagreements.org/document/3182,National ,Prenegotiation,,
,,,,,,,,,,,,,,,,
,,,,,,,,,,,,,,,,
,,,,,,,,,,,,,,,,
2018,12,17,,2018,12,17,,,"Agreement for the exchange prisoners, detainees, missing persons, arbitrarily detained and forcibly disappeared persons, and those under house arrest",,https://www.peaceagreements.org/masterdocument/2123,باللغة الإنجليزية: https://www.peaceagreements.org/masterdocument/2123,National ,Prenegotiation,,
,,,,,,,,,,,,,,,,
,,,,,,,,,,,,,,,,
,,,,,,,,,,,,,,,,
2018,12,18,,2018,12,18,,,Hodeidah ceasefire comes into effect,سريان وقف إطلاق في الحديدة,"Ceasefire comes into effect for Hodeidah. On December 22, a UN task team is deployed to the city.",بدء سريان وقف إطلاق النار في الحديدة. وفي يوم 22 ديسمبر، يصل فريق عمل عسكري تابع للأمم المتحدة إلى المدينة للمراقبة,,,Conflict ,
,,,,,,,,,,,,,,,,
,,,,,,,,,,,,,,,,
,,,,,,,,,,,,,,,,
2019,1,16,,2019,1,16,,,UN Security Council Resolution 2452,قرار مجلس الأمن 2452,"United Nations Mission to support the Hodeidah Agreement (UNMHA) — with an initial mandate of six months — will lead and support the Redeployment Coordination Commission tasked with overseeing the ceasefire, redeployment of forces and mine action operations. https://www.peaceagreements.org/masterdocument/2124",صدر قرار مجلس الأمن الدولي بخصوص تأسيس ولاية لرقابة اتفاق ستوكهلم، ستقود وتدعم لجنة تنسيق إعادة الانتشار المكلفة بالإشراف على وقف إطلاق النار، وإعادة نشر القوات وعمليات إزالة الألغام (بعثة الأمم المتحدة لدعم اتفاق الحديدة) UNMHA. باللغة الإنجليزية: https://www.peaceagreements.org/masterdocument/2124,National ,Ceasefire,,
,,,,,,,,,,,,,,,,
,,,,,,,,,,,,,,,,
2019,4,14,,2019,4,14,,,Declaration of the National Alliance of Yemeni Political Parties ,إعلان التحالف الوطني للقوى السياسية اليمنية,A government-led effort to counter the Southern Transitional Council ,تعتبر هذه الخطوة من جهود الحكومة اليمنية لمواجهة المجلس الانتقالي الجنوبي,,,Political ,
,,,,,,,,,,,,,,,,
,,,,,,,,,,,,,,,,
2019,4,15,,2019,4,15,,,"Muna Luqman, chairperson of Food4Humanity, co-founding member of the Women Solidarity Network, and partner of the Peace Track Initiative, briefs the UN Security Council today on Yemen. ",منى لقمان تحيط مجلس الأمن عن الوضع في اليمن,This is part of national and international efforts to include Women's voices in the peace process. ,رئيسة منظمة ويطعمون، وعضوة مؤسسة لشبكة التضامن النسوي، وشريكة مبادرة مسار السلام، تتحدث عن الاوضاع المآساوية في اليمن. و تعتبر خطوة لقمان جزء من الجهود الوطنية والدولية لإدراج أصوات النساء في عملية السلام,,,Political ,
,,,,,,,,,,,,,,,,
2019,4,26,,2019,4,26,,,"Document of Reconciliation between areas of al-Mahariq and al-Saliyah, Sheikh Othman, Aden",وثيقة صلح بين منطقة المحاريق والسيلة، الشيخ عثمان، عدن,"A ceasefire agreement to address fighting between tribal groups in areas of Aden. The agreement focuses particularly on ending violence between Muslims in the areas, in the approach to the month of Ramadan. English: https://www.peaceagreements.org/masterdocument/2228 Arabic: https://www.peaceagreements.org/document/3118",اتفاق لوقف إطلاق النار لأنهاء القتال بين الجماعات القبلية في مناطق عدن. تركز الاتفاقية على إنهاء العنف بين المسلمين، بذات مع اقتراب شهر رمضان. باللغة الإنجليزية: https://www.peaceagreements.org/masterdocument/2228 بالعربية: https://www.peaceagreements.org/document/3118  ,Local ,Ceasefire ,,
,,,,,,,,,,,,,,,,
2019,4,7,,2019,4,7,,,Document of Reconciliation and Forgiveness Between the Families of the Al Awlaqi Clan ,تم توقيع وثيقة للتصالح والتسامح بين قبائل آل علي بن أحمد العوالق ,A reconciliatory agreement which addresses the historical violence and indifferences between two tribal groups of the Al Awalqi  clan. Compensation for the families of past victims is also referred to. English: https://www.peaceagreements.org/masterdocument/2227 Arabic: https://www.peaceagreements.org/document/3120,اتفاق مصالحة انهاء العنف و الاختلافات بين مجموعتين من قبيلة العوالق. وتشير الوثيقة إلى تعويضات لأسر الضحايا. باللغة الإنجليزية: https://www.peaceagreements.org/masterdocument/2227 بالعربية: https://www.peaceagreements.org/document/3120,Local ,Substantive-Partial ,,
,,,,,,,,,,,,,,,,
2019,11,5,,2019,11,5,,,Riyadh Agreement between the Government of Yemen and the Southern Transitional Council (STC) ,اتفاق الریاض كاملاً بین الحكومة الیمنیة والمجلس الانتقالي,In English: https://www.peaceagreements.org/masterdocument/2235 In Arabic: https://www.peaceagreements.org/document/3281,باللغة الإنجليزية: https://www.peaceagreements.org/masterdocument/2235 بالعربية: https://www.peaceagreements.org/document/3281,National ,,,