Year,Month,Day,Time,End Year,End Month,End Day,End Time,Display Date,Headline,Headline Arabic,Text,Text Arabic,Agreement,Stage,Event
,,,,,,,,,,,,,,,
,,,,,,,,,,,,,,,
,,,,,,,,,,,,,,,
,,,,,,,,,PA-X: Yemen agreements and conflict events,,,,,,
,,,,,,,,,,,,,,,
,,,,,,,,,,,,,,,
,,,,,,,,,,,,,,,
1990,5,22,,1990,5,22,,,Agreement Establishing a Union between the State of the Yemen Arab Republic and the State of the People's Democratic Republic of Yemen,"اتفاقية الوحدة بين دولة الجمهورية العربية اليمنية ودولة جمهورية اليمن الديمقراطية الشعبية
","Unification of North (Yemen Arab Republic) and South (People's Democratic Republic of Yemen). North and South Yemen merge to form the Republic of Yemen. The General People's Congress led by President Ali Abdullah Saleh in the north, and the Yemeni Socialist Party led by Ali Salim al-Beidh in the South, agree to share power. https://www.peaceagreements.org/masterdocument/264",اتحاد الجمهورية العربية اليمنية (شمال اليمن) و جمهورية اليمن الديمقراطية الشعبية (جنوب اليمن). دمج شمال اليمن وجنوبه لتشكيل الجمهورية اليمنية. وافق المؤتمر الشعبي العام بقيادة الرئيس علي عبد الله صالح في الشمال والحزب الاشتراكي اليمني برئاسة علي سالم البيض في الجنوب على المشاركة في السلطة. باللغة الإنجليزية   https://www.peaceagreements.org/masterdocument/264 ,National,Substantive-Partial,Political
,,,,,,,,,,,,,,,
,,,,,,,,,,,,,,,
,,,,,,,,,,,,,,,
,,,,,,,,,,,,,,,
,,,,,,,,,,,,,,,
,,,,,,,,,,,,,,,
,,,,,,,,,,,,,,,
1990,9,1,,1990,9,1,,,Creation of 'al-Islah' Party (Yemeni Congregation for Reform),إنشاء حزب الإصلاح,"September: The Islah Party is founded by a loose coalition of northern Islamist and tribal elites and support from Saudi Arabia. The party consists of three wings related to elements from the Muslim Brotherhood, the Hashid Tribal Federation, and Sunni Islamists. ",سبتمبر: تم تأسيس حزب التجمع اليمني للإصلاح وهو مكون من ائتلاف واسع من النخب الإسلامية الشمالية ونخب من القبائل بدعم من المملكة العربية السعودية. يتألف الحزب من ثلاثة أجنحة وهي عناصر من الإخوان المسلمين وقبائل حاشد والسلفيين.,,,Political
,,,,,,,,,,,,,,,
,,,,,,,,,,,,,,,
,,,,,,,,,,,,,,,
1993,4,27,,1993,4,27,,,First parliamentary elections in unified Yemen,أول انتخابات برلمانية في اليمن الموحد,Yemen held elections for parliament won by the GPC followed by al-Islah. The results disrupt the previous 50-50 power sharing agreement between the North and South. Islah's Abdullah bin Hussayn al-Ahmar becomes speaker of the Parliament.,جرت في اليمن انتخابات برلمانية فاز بها المؤتمر الشعبي العام و بالاغلبیة ثم الاصلاح. الانتخابات عطلت اتفاق المشاركة السابق الذي اعطى 50% للشمال و50% للجنوب. علي عبد الله صالح أصبح رئيساً وعين علي سالم البيض نائباً للرئيس وأصبح عبد الله بن حسين الأحمر من قادة الاصلاح رئيساً لمجلس النواب.,,,Political
,,,,,,,,,,,,,,,
,,,,,,,,,,,,,,,
,,,,,,,,,,,,,,,
1993,8,1,,1993,8,19,,,"Vice President al-Beidh leaves the capital, Sanaa, in protest",نائب الرئيس البيض ينسحب من العاصمة صنعاء احتجاجا,August: al-Beidh withdraws to Aden protesting political marginalization and violence by northerners directed towards the YSP.,أغسطس: انسحاب البيض إلى عدن احتجاجًا على التهميش السياسي والعنف من قبل الشماليين ضد الحزب الاشتراكي اليمني.,,,Political
,,,,,,,,,,,,,,,
1994,1,18,,1994,2,20,,,The Document of Pledge and Accord,وثيقة العهد و الاتفاق,The signing of the agreement in Jordan to settle the political crisis between Yemeni President  Saleh and his deputy Ali Salem al-Beidh.  ,توقيع الاتفاقية في الأردن لتسوية الأزمة السياسية بين الرئيس اليمني علي عبد الله صالح ونائبه علي سالم البيض. ,National,Substantive-Partial,
,,,,,,,,,,,,,,,
1994,4,27,,1994,4,27,,,North-south civil war begins,بداية الحرب الأهلية بين الشمال والجنوب,"A tank battle breaks out in Amran, north of the capital Sanaa, marking the beginning of the 1994 civil war. President Ali Abdullah Saleh declares a state of emergency.",معركة دبابات تندلع في عمران، شمال العاصمة صنعاء، وتبدأ الحرب الأهلية عام 1994. يعلن الرئيس علي عبد الله صالح حالة الطوارئ.,,,Conflict
,,,,,,,,,,,,,,,
,,,,,,,,,,,,,,,
,,,,,,,,,,,,,,,
1994,5,21,,1994,5,21,,,YSP officials declare the secession of the South,مسؤولون في الحزب الاشتراكي اليمني يعلنون انفصال الجنوب,The Democratic Republic of Yemen was not recognized by any other government. Southerners are supported by Saudi Arabia which deemed a united Yemen as a threat.,لم تعترف أي دولة اخرى بجمهورية اليمن الديمقراطية وقامت المملكة العربية السعودية التي تعتبر اليمن الموحد تهديدا بدعم الجنوبيين,,,Political
,,,,,,,,,,,,,,,
1994,6,1,,1994,6,1,,,UNSC resolution 924,قرار مجلس الأمن رقم 924,Call for an immediate ceasefire in the Republic of Yemen ,"دعوة لوقف فوري لإطلاق النار في الجمهورية اليمنية. 
",,,Political
1994,6,29,,1994,6,29,,,UNSC resolution 931,قرار مجلس الأمن رقم 931,"Security council is deeply disturbed that no cease-fire has been implemented or sustained despite several cease-fire declarations by both sides, and the supporting role of Special Envoy Lakhdar Brahimi.",انزعاج المجلس للغاية لعدم تنفيذ وقف إطلاق النار أو استمراره على الرغم من العديد من إعلانات وقف إطلاق النار من كلا الجانبين، ودعم دور المبعوث الخاص الأخضر الإبراهيمي  ,,,Political
1994,6,30,,1994,6,30,,,Agreement on a Ceasefire in the Republic of Yemen mediated in Moscow,اتفاق لوقف إطلاق النار في الجمهورية اليمنية برعاية موسكو,"A comprehensive ceasefire agreement is signed with the understanding that negotiations will continue in line with UNSC resolution 924, with particular focus on areas affected by the conflict in the Republic, including Aden. https://www.peaceagreements.org/masterdocument/250",".توقيع اتفاق شامل لوقف إطلاق النار على أساس أن المفاوضات ستستمر وفقًا لقرار مجلس الأمن رقم 924 ، مع التركيز خصيصا على المناطق المتضررة من النزاع في الجمهورية، بما في ذلك عدن
   باللغة الإنجليزية  https://www.peaceagreements.org/masterdocument/250",National,Ceasefire,
,,,,,,,,,,,,,,,
,,,,,,,,,,,,,,,
,,,,,,,,,,,,,,,
1994,7,7,,1994,7,7,,,Aden captured by northern forces,السيطرة على عدن,"Ceasefire agreement does not hold and forces from Sana'a capture Aden, ending the North-South civil war with a military victory.  In the aftermath, the victors rewards loyalists with land and jobs resulting in the disenfranchisement of southern civil and military officials. https://www.peaceagreements.org/masterdocument/250","اتفاقية وقف إطلاق النار لا تصمد وقوات صنعاء تسيطر على عدن ، وبذلك الحرب الأهلية بين الشمال والجنوب أنتهت بانتصار عسكري. تم مكافئة المنتصرون الموالين للشمال بالأراضي والوظائف، مما أدى إلى حرمان المسؤولين المدنيين والعسكريين الجنوبيين من حقوقهم.
. باللغة الإنجليزية: https://www.peaceagreements.org/masterdocument/250",,,Conflict
,,,,,,,,,,,,,,,
1995,2,26,,1995,2,26,,,Saudi-Yemeni Memorandum of Understanding,مذكرة التفاهم السعودية اليمنية,https://www.peaceagreements.org/masterdocument/535,باللغة الإنجليزية: https://www.peaceagreements.org/masterdocument/535,National,Implementation,
1996,8,1,,1996,8,1,,,Creation of the Women National Committee: Ministries' Council through act No. 97 in August 1996,إنشاء اللجنة الوطنية للمرأة: قرار مجلس الوزراء رقم 97 اغسطس 1996,A government-affiliated body working to empower women based on the outcomes of the Beijing Conference in 1995 and CEDAW convention to safeguard women’s inclusion and rights. Augmented to the Women's Supreme Council in 2000 to insure every governmental institution is inclusive of women. ,"هي الهيئة الحكومية التي لديها الية العمل لتمكين المرأة. تم إنشاء هذه اللجنة في عام ١٩٩٦ و تضاف إلى المجلس الأعلى للمرأة في عام 2000 لضمان ضم المرأة في كل مؤسسة حكومية
لقرارات منهاج عمل بيجين )١٩٩٥ ،)وهي مسؤولة عن اإلبالغ عن تقدم اليمن المحرز على مسار اتفاقية ""سيداو""، والمطالبة بالتغييرات التشريعية والتنظيمية ",National,Implementation,
2000,6,12,,2000,6,12,,,International Border Treaty between the Republic of Yemen and the Kingdom of Saudi Arabia,معاهدة الحدود الدولية بين السعودية واليمن,Yemen and Saudi Arabia sign border agreement in Jeddah (Jeddah Treaty). The agreement resolves the border issue https://www.peaceagreements.org/masterdocument/408,اليمن والسعودية يوقعان اتفاقية للحدود في جدة (اتفاقية جدة). تحل الاتفاقية قضية الحدود.  باللغة الإنجليزية  https://www.peaceagreements.org/masterdocument/408,National,Implementation,
1997,4,27,,1997,4,27,,,1997 Parliamentary election,الانتخابات البرلمانية لعام ١٩٩٧ ,"The General People’s Congress (GPC) emerges as the new ruling party under President Saleh, securing 187 of the 301 seats",برز المؤتمر الشعبي العام كحزب حاكم جديد في عهد الرئيس صالح، وحصل على١٨٧ مقعدًا من ٣٠١,,,Political
,,,,,,,,,,,,,,,
1999,9,23,,1999,9,23,,,1999 Presidential election,الانتخابات الرئاسية لعام ١٩٩٩ ,"In the first direct Presidential election, President Saleh wins 96.3% of the votes and enters his fifth term in office as President.","في أول انتخابات رئاسية مباشرة، فاز الرئيس صالح بنسبة ٩٦,٣ ٪ من الأصوات ويدخل ولايته الخامسة كرئيس.",,,Political
,,,,,,,,,,,,,,,
2000,10,12,,2000,10,12,,,Bombing of USS Cole,قصف السفينة الحربية الأمريكية كول,"A US warship, the USS Cole, is attacked by AQAP in Aden, killing 17 US personnel.",سفينة حربية أمريكية ، يو إس إس كول ، تتعرض للهجوم من قبل القاعدة في خليج عدن ، مما أسفر عن مقتل 17 جندي أمريكي.,,,Conflict
,,,,,,,,,,,,,,,
,,,,,,,,,,,,,,,
,,,,,,,,,,,,,,,
2001,2,1,,2001,2,1,,,Violence breaks out before referendum vote,ينفجر العنف قبل التصويت على الاستفتاء,February 2001: Violence breaks out before a referendum and municipal polls extending the term and powers of the presidential office.,فبراير 2001: اندلعت أعمال العنف قبل إجراء الاستفتاء والاستطلاعات البلدية لتمديد فترة وصلاحيات مكتب الرئاسة.,,,Conflict
,,,,,,,,,,,,,,,
2003,4,27,,2003,4,27,,,2003 Parliamentary election,الانتخابات البرلمانية لعام ٢٠٠٣,President Saleh and the GPC’s win 76% of the seats. ,المؤتمر الشعبي العام يفوز ب 76٪ من المقاعد.,,,Political
2006,9,20,,2006,9,20,,,2006 Presidential election ,الانتخابات الرئاسية لعام ٢٠٠٦ ,"After declaring he would not run, President Saleh wins 77% of the votes.",بعد أن أعلن صالح عن عدم نيته الترشح للانتخابات، الا انه خاضها وفاز ب 77 ٪ من الأصوات. ,,,Political
2007,7,7,,2007,7,7,,,Southern movement begins calling for independence,بداء الحراك الجنوبي لمطالبة الانفصال ,Began by peaceful calls to reinstate southern army personnel and to provide the same rights of marginalized southerners to their counterpart northerners,بدأ بكيان جمعية المتقاعدين العسكريين والأمنيين المسرحين من عملهم، وطالب الحراك الجنوبي النظام الحاكم بالمساوة وإعادة المسرحين العكسريين والمدنيين,,,Political
,,,,,,,,,,,,,,,
2009,2,24,,2009,2,24,,,President Saleh postpones the 2009 Parliamentary elections ,الرئيس صالح يؤجل الانتخابات البرلمانية لعام 2009 لسنة 2011 ,"Following calls for reform of the electoral system by the Joint Meeting Parties (JMP), President Saleh reschedules the vote to take place in 2011.",بعد دعوات لإصلاح النظام الانتخابي من قبل أحزاب اللقاء المشترك.,,,Political
,,,,,,,,,,,,,,,
2010,2,12,,2010,2,12,,,Six-Point Government of Yemen-Houthi Ceasefire Agreement,اتفاق من ست نقاط لوقف إطلاق النار بين الحكومة اليمنية والحوثي,https://www.peaceagreements.org/masterdocument/1434,https://www.peaceagreements.org/masterdocument/1434 باللغة الإنجليزية,National,Ceasefire,
,,,,,,,,,,,,,,,
,,,,,,,,,,,,,,,
,,,,,,,,,,,,,,,
2004,6,1,,2004,9,30,,,First round of Sadaa war,الجولة الأولى من حرب صعدة,"June- September 2004: A police operation by the Yemeni government against Hussayn al-Houthi, a former Member of Parliament and a Zaydi youth activist, ignites the first round of fighting between the government and what becomes known as the Houthi  movement. On September 10, Hussayn al-Houthi is killed. His father, Badr al-Din al-Houthi takes over as head of the Houthi movement.",يونيو - سبتمبر 2004: عملية أمنية للحكومة اليمنية ضد حسين الحوثي، عضو سابق في البرلمان وناشط شبابي زيدي، يشعل الجولة الأولى من القتال بين الحكومة وما يعرف باسم حركة الحوثي. في 10 سبتمبر، قتل حسين الحوثي وتولى والده بدر الدين الحوثي رئاسة الحركة الحوثية.,,,Conflict
,,,,,,,,,,,,,,,
,,,,,,,,,,,,,,,
,,,,,,,,,,,,,,,
2005,1,1,,2005,1,1,,,Creation of the JMP,إنشاء أحزاب اللقاء المشترك,"2005: The Joint Meeting Parties (JMP) is established as a coalition opposition group to the GPC. The largest member of the JMP was Islah, followed by the YSP, and Popular Force, the Nasserist party, and al-Haqq (a Zaydi party).",2005: تم تأسيس أطراف اللقاء المشترك كمجموعة ائتلافية معارضة للمؤتمر الشعبي العام. أكبر عضو في أحزاب اللقاء المشترك هو الإصلاح ويليه الحزب الاشتراكي اليمني، والقوى الشعبية والحزب الناصري وحزب الحق   (حزب زيدي).,,,Political
,,,,,,,,,,,,,,,
,,,,,,,,,,,,,,,
,,,,,,,,,,,,,,,
2005,3,1,,2005,6,23,,,Second round of  Sadaa war,الجولة الثانية من حرب صعدة,"March-June 23, 2005: Second round of fighting breaks out between the Houthis and Yemeni government in which more than 200 are killed. Fighting ended after tribal mediators negotiated a deal.",مارس - 23 يونيو 2005: تفجرت الجولة الثانية من القتال بين الحوثيين والحكومة اليمنية حيث قتل أكثر من 200 شخص. انتهى القتال بعد أن تفاوض وسطاء قبليون على اتفاق.,,,Conflict
,,,,,,,,,,,,,,,
,,,,,,,,,,,,,,,
,,,,,,,,,,,,,,,
2005,11,1,,2006,3,31,,,Third round of  Sadaa war,الجولة الثالثة من حرب صعدة,November 2005-March 2006: Third round of conflict breaks out between the Houthis and opposing tribes.,نوفمبر 2005 - مارس 2006: اندلاع الجولة الثالثة من النزاع بين الحوثيين والقبائل المعارضة.,,,Conflict
,,,,,,,,,,,,,,,
2007,5,1,,2007,5,1,,,Protests in South Yemen mark emergence of Southern Movement,الاحتجاجات في الجنوب تمثل ظهور الحركة الجنوبية,"May 2007: Former-Southern military and civil officials who were demobilised and fired respectively in the aftermath of the 1994 civil war protested their lack of employment, Southern political marginalization and other injustices. Heavy-handedness by security forces burgeons support for the protestors and consolidates what will eventually become the Southern Movement.",مايو 2007: مسؤولون عسكريون ومدنيون سابقون في الجنوب سرحوا في أعقاب الحرب الأهلية عام 1994 احتجوا على تسريحهم والتهميش السياسي للجنوب وغير ذلك من المظالم.  الرد القاسي من قبل قوات الأمن زاد الدعم للمتظاهرين وعزز ما سيصبح الحراك الجنوبي.,,,Political
,,,,,,,,,,,,,,,
2007,1,28,,2007,6,16,,,Fourth round of  Sadaa war  begins ,الجولة الرابعة من حرب صعدة,"January 28-June 16, 2007: Fourth round of conflict erupts after Houthi fighters attack Yemeni government outposts. ",28 يناير - 16 يونيو 2007: اندلاع الجولة الرابعة من النزاع بعد أن هاجم المقاتلون الحوثيون على نقاط للحكومة اليمنية.https://www.peaceagreements.org/masterdocument/1433,,,Conflict
2007,6,16,,2007,6,16,,,The document of controls and issues of dialogue,وثيقة قضايا وضوابط الحوار يونيو ,"Secretaries-General of the political parties represented in the Yemeni parliament signed  a document defining issues controls and guarantees of dialogue. In attempts to ease the tensions of the 2006 boycott of elections, the dialogue was initiated to pave a smooth path for elections.  ",  وقعت الأحزاب المشاركة في البرلمان اتفاقية لتحديد قضايا الضوابط وضمانات الحوار. في محاولة لتخفيف التوترات في مقاطعة الانتخابات في عام ٢٠٠٦، بدأ الحوار لتمهيد طريق سلس للانتخابات.    ,National,Prenegotiation,
,,,,,,,,,,,,,,,
,,,,,,,,,,,,,,,
,,,,,,,,,,,,,,,
,,,,,,,,,,,,,,,
,,,,,,,,,,,,,,,
,,,,,,,,,,,,,,,
2008,2,1,,2008,2,1,,,Saada war ends with the Doha Agreement,انتهاء حرب صعدة باتفاقية الدوحة,Qatar mediates a ceasefire and Houthi leaders go into exile. English: https://www.peaceagreements.org/masterdocument/1433,توسطت قطر لوقف إطلاق النار ويذهب زعماء الحوثي إلى  المنفىباللغة الإنجليزية:https://www.peaceagreements.org/masterdocument/1433,National,Ceasefire,
,,,,,,,,,,,,,,,
,,,,,,,,,,,,,,,
,,,,,,,,,,,,,,,
2008,4,29,,2008,7,17,,,Fifth round of Sadaa war,الجولة الخامسة من حرب صعدة,"April 29-July 17, 2008: The fifth round of fighting between the Houthis and the Yemeni government in Sadaa begins.",من 29 أبريل إلى 17 يوليو 2008: بدء الجولة الخامسة من القتال في صعدة بين الحوثيين والحكومة اليمنية. ,,,Conflict
,,,,,,,,,,,,,,,
,,,,,,,,,,,,,,,
,,,,,,,,,,,,,,,
2009,8,1,,2010,2,1,,,Sixth round of Sadaa war,الجولة السادسة من حرب صعدة,"August 2009-February 2010: The Yemeni government launches an offensive against the Houthis, displacing tens of thousands. Saudi Arabia and the US intervene against the Houthis, and fighting spreads across the Saudi border.",أغسطس 2009 – فبراير 2010: شنت الحكومة اليمنية هجوماً ضد الحوثيين، مما أدى إلى تشريد عشرات الآلاف. تتدخل المملكة العربية السعودية والولايات المتحدة ضد الحوثيين، وينتشر القتال عبر الحدود مع السعودية.,,,Conflict
,,,,,,,,,,,,,,,
,,,,,,,,,,,,,,,
,,,,,,,,,,,,,,,
2010,7,1,,2010,11,1,,,Continuation of violence in Sadaa and surrounding governorates,استمرار العنف في صعدة والمحافظات المحيطة بها,July 2010: Clashes occur between the Houthis and tribes in Sufyan which continue into November.,يوليو 2010: تقع اشتباكات بين الحوثيين والقبائل في حرف سفيان تستمر حتى شهر نوفمبر.,,,Conflict
,,,,,,,,,,,,,,,
,,,,,,,,,,,,,,,
,,,,,,,,,,,,,,,
2011,1,1,,2011,1,1,,,Yemen’s Parliament begins debating constitutional amendments,مشروع التعديلات الدستورية الذي حظي بموافقة البرلمان اليمني,These would extend the presidential term duration for Saleh indefinitely. This was rejected by the opposition.,عبرت أوساط المعارضة اليمنية عن رفضها مشروع التعديلات الدستورية الذي حظي.  وتهدف هذه التعديلات إلى تمديد فترة الرئيس علي عبد الله صالح مدى الحياة.,,,Political
2011,1,1,,2011,1,27,,,Protests break out against President Saleh (Yemeni Arab Spring),الاحتجاجات تندلع ضد الرئيس صالح (الربيع العربي اليمني),"January-February: Inspired by Tunisia and Egypt, protests began as early as January 1st, but grew to larger numbers by January 27th, marking the first day of the Yemeni Arab Spring. On this day, large protests broke out in Yemen calling for the overthrow of the regime of President Ali Abdullah Saleh. Protestors include unemployed youth, opposition parties (particularly Islah) as well as regional actors such as the Houthis and the Southern Movement. The 27th marked the largest rally against Saleh, with over 20,000 protestors.","من كانون الثاني (يناير) إلى شباط (فبراير): 
بدأت الاحتجاجات المستوحاة من تونس ومصر اعتبارًا من 1 يناير ، لكنها ارتفعت إلى أعداد أكبر بحلول 27 يناير، و يعتبر هذا اليوم اليوم الأول من الربيع العربي اليمني. و في هذا اليوم ، اندلعت احتجاجات كبيرة في اليمن تدعولإطاحة نظام الرئيس علي عبد الله صالح. من بين المتظاهرين أحزاب شابة عاطلة عن العمل وأحزاب معارضة (خاصة الإصلاح) وكذلك ممثلون محليون مثل الحوثيين والحركة الجنوبية. يعتبر 27 يناير أكبر مظاهرة في بداية الربيع العربي اليمني.",,,Political
2011,1,29,,2011,1,29,,,Yemeni women begin to play a leading and dynamic role in protests,تبدأ المرأة اليمنية في لعب دور قيادي وديناميكي في الاحتجاجات,"Women activists begin their calls for inclusion, setting a marriage age, ending maternal mortality and illiteracy. Women were beaten by Islah members for joining their fellow men.  ",بدأ الناشطات دعواتهن للإدماج وتحديد سن الزواج وإنهاء وفيات الأمهات والأمية. تعرض النساء للضرب على أيدي عناصر من حزب الإصلاح بسبب انضمامهم إلى إخوانهم الرجال,,,Political
2011,2,2,,2011,2,2,,,President Saleh goes back to Parliament to make concessions ,قدّم الرئيس اليمني علي عبد الله صالح تنازلات,"Yemeni President Ali Abdullah Saleh makes concessions to the opposition in parliament and says in his speech: ""No extensions, no successions, and no reversing the clock."" He calls on the opposition to return to dialogue and participate in a national unity government.","قدّم الرئيس اليمني علي عبد الله صالح تنازلات للمعارضة أمام البرلمان وقال في الكلمة التي ألقاها: ""لا للتمديد، لا للتوريث، ولا لإعادة عقارب الساعة إلى الوراء"" داعياً المعارضة إلى العودة للحوار والمشاركة في حكومة وحدة وطنية.
",,,Political
2011,2,3,,2011,2,3,,,"The ""Day of Rage"" ",يوم الغضب,"Protesters and opposition leaders reject Saleh's call, and protest in what is called the ""Day of Rage""","المتظاهرون وقادة المعارضة يرفضون دعوة صالح ، ويحتجون فيما يسمى ""يوم الغضب""",,,Political
2011,2,11,,2011,2,11,,,"""Friday of Rage"" ",جمعة الغضب,"After the announcement of the resignation of Hosni Mubarak in Egypt, thousands of youth, civil society, supporters of the opposition and the southern movement in Yemen staged demonstrations in a number of southern provinces and some central provinces in what was called ""Friday of Rage.""","بعد اعلان استقالة حسني مبارك في مصر، آلاف من الشباب وقوى المجتمع المدني وبعض أنصار المعارضة والحراك الجنوبي في اليمن نظموا مظاهرات شملت عددا من المحافظات الجنوبية وبعض محافظات الوسط فيما أطلق عليها جمعة الغضب. 
",,,Political
2011,2,16,,2011,2,16,,,Protests in Aden violently supressed by security forces ,الاحتجاجات في عدن قمعت بعنف من قبل قوات الأمن,Southerners joined their fellow northerners in the Arab spring goals where abondoning secessions seemed possible. Violence continued until February 25th. ,انضم الجنوبيون إلى الشماليين في أهداف الربيع العربي حيث فكرة التخلي عن الانفصال اصبحت ممكنة. استمر العنف حتى 25 فبراير.,,,Conflict
,,,,,,,,,,,,,,,
2011,3,18,,2011,3,18,,,Massacre of protestors in Sanaa (Friday of Dignity),مذبحة المتظاهرين في صنعاء (جمعة الكرامة),"Snipers open fire on protestors in Sanaa killing 50. The incident sparks mass disapproval of government action and former loyalists including government officials begin to defect. As a pre-existing Islah party member, Hamid al-Ahmar had already been calling for revolution against President Saleh. Following this massacre,General  Ali Mohsen al-Ahmar (not related to Hamid) defects from the military and joins the revolution. Both men begin to mobilise loyal fighters from the Hashid clan and the First Armored Division and deploy them to Sanaa under the auspices of protecting protestors.”","                            
   قناصة يطلقون النار على المتظاهرين في صنعاء، مما أسفر عن مقتل ٥٠ متظاهرا. واثارة هذه المجزرة استنكارا جماعيا للمسؤولين الحكوميين او ممن كانوا موالين او موظفين للرئيس صالح الذين بدأوا بإعلان انشقاقهم. وحميد الأحمر بصفته عضو في حزب الإصلاح دعا الى الثورة ضد صالح. وفي اعقاب هذه المجزرة انشق اللواء على محسن   الأحمر (وهو غير مرتبط بحميد الأحمر من الناحية العائلية). بدأ الرجلان في حشد المقاتلين المخلصين من قبيلة حاشد والفرقة أولى مدرع ونشرهم في صنعاء بحجة حماية المتظاهرين
",,,Conflict
,,,,,,,,,,,,,,,
2011,3,25,,2011,3,25,,,Houthi and Saleh forces enter Aden and fighting breaks out. ,قوات الحوثي وصالح تدخل عدن واندلع العنف. ,"Houthi-Saleh forces are met with forces loyal to Hadi, Southern Movement and popular resistance.",تم مواجهة قوات الحوثيين وصالح بقوات موالية لهادي والحراك الجنوبي والمقاومة الشعبية.,,,Conflict
,,,,,,,,,,,,,,,
2011,4,21,,2011,4,21,,,GCC-led Initative,مبادرة دول مجلس التعاون الخليجي,"In an attempt to stabilize the situation, the Gulf Cooperation Council (GCC) intervenes with support from United Nation (UN) Secretary-Generals Special Envoy to Yemen, Jamal Benomar, to mediate a solution to the crisis. The first iteration of the GCC Initiative is announced on April 23, but not signed until November 23, 2011. However, President Saleh refused to agree to the proposal. Meanwhile, the city of Sanaa is divided between pro-Saleh and opposition forces that have set up checkpoints. https://www.peaceagreements.org/masterdocument/1401",في محاولة لتهدئة الوضع تدخل مجلس التعاون الخليجي بدعم من المبعوث الخاص للأمين العام للأمم المتحدة إلى اليمن جمال بنعمر للتوسط لحل الأزمة وتم الإعلان عن أول مسودة لمبادرة مجلس التعاون الخليجي في 23 أبريلhttps://www.peaceagreements.org/masterdocument/1401 ومع ذلك، رفض الرئيس صالح الموافقة على الاقتراح وفي الوقت نفسه بدأت مدينة صنعاء تنقسم بين القوات الموالية لصالح والقوى المعارضة التي أقامت نقاط تفتيش. https://www.peaceagreements.org/masterdocument/1401,,,Political
,,,,,,,,,,,,,,,
,,,,,,,,,,,,,,,
,,,,,,,,,,,,,,,
2011,5,27,,2011,5,27,,,AQAP captures Zinjibar,تنظيم القاعدة في شبه الجزيرة العربية يستولي على زنجبار,The re-call of troops to Sanaa creates a security vacuum elsewhere in Yemen. Al-Qaeda in the Arabian Peninsula (AQAP) takes control of the town of Zinjibar in Abyan governorate.,استدعاء القوات العسكرية إلى صنعاء يخلق فراغًا أمنيًا في أماكن أخرى في اليمن وتنظيم القاعدة في شبه الجزيرة العربية يسيطر على زنجبار في محافظة أبين.,,,Conflict
2011,5,23,,2011,5,23,,,Battle of Sana'a,"معركة صنعاء
 ",Saleh's Republican Guard and Internal Security forces clash with Hashid tribe (Al-Ahmar tribe) and the First Armored Brigade (Ali Mohsen Al-Ahmar's Brigade) in Sana'a. ,اشتبكت قوات الحرس الجمهوري والأمن المركزي التابعة لصالح مع قبيلة حاشد (بيت الاحمر) واللواء اول مدرع (فرقة علي محسن الاحمر) في صنعاء,,,Conflict
2011,5,28,,2011,6,7,,,Battle of Taiz,معركة تعز  ,"May 28 -June 7, 2011: Security forces began to violently clear protest squares, which led to tribal groups and defectors to stand up against the crackdown. The violence continued until June 7th. ",28 مايو - 7 يونيو 2017: بدأت قوات الأمن إزالة الساحات الاحتجاجية بعنف، و أدى إلى وقوف القبائل والمحتجين ضد القوات الحكومية. استمرت الاشتباكات ليوم 7 يونيو.,,,Conflict
,,,,,,,,,,,,,,,
2011,6,3,,2011,6,3,,,Attempted assassination of President Saleh,محاولة اغتيال الرئيس صالح,President Saleh is wounded in attempted assassination. Vice President Abd Rabbu Mansour Hadi takes over as acting President while Saleh receives medical treatment in Riyadh.,أصيب الرئيس صالح في محاولة اغتيال وتولى نائب الرئيس عبد ربه منصور هادي منصب القائم بأعمال الرئيس في حين يتلقى صالح العلاج في الرياض.,,,Conflict
,,,,,,,,,,,,,,,
,,,,,,,,,,,,,,,
,,,,,,,,,,,,,,,
2011,9,12,,2011,9,12,,,Presidential Decree No. (24) FY 2011,قرار رئاسي رقم (24) لسنة 2011,Saleh hands over executive powers to Vice President Hadi. https://www.peaceagreements.org/masterdocument/1402,قرار جمهوري بتكليف نائب علي عبد الله صالح باستلام السلطة التنفيذية. باللغة الإنجليزية: https://www.peaceagreements.org/masterdocument/1402,National,Substantive-Partial,
,,,,,,,,,,,,,,,
,,,,,,,,,,,,,,,
,,,,,,,,,,,,,,,
2011,11,23,,2011,11,23,,,Agreement/Gulf Cooperation Council (GCC) Initiative,الاتفاقية / مبادرة مجلس التعاون الخليجي,Signing of GCC Initiative in Riyadh. ,توقيع المبادرة الخليجية في الرياض. ,,,Political
2011,11,23,,2011,11,23,,,,, GCC Initiative https://www.peaceagreements.org/masterdocument/1401,مبادرة مجلس التعاون. باللغة الإنجليزية  https://www.peaceagreements.org/masterdocument/1401,National,Substantive-Partial,
,,,,,,,,,,,,,,,
,,,,,,,,,,,,,,,
2011,11,23,,2011,11,23,,,Agreement on the Implementation Mechanism for the Transition Process in Yemen in Accordance with the Initiative of the Gulf Cooperation Council (GCC Implementation Mechanism),اتفاقية الآلية التنفيذية للعملية الانتقالية في اليمن وفقاً لمبادرة مجلس التعاون الخليجي,"In Accordance with the agreement of the Gulf Cooperation Council Initiative, President Saleh signs the Implementation Mechanism for the Transition Process in Yemen. The Implementation Mechanism of the GCC Initiative eventually entailed the transferring of power to Vice President Hadi and the creation of a unity government, made up of 50% of the GPC, and 50% to the opposition. One women representative from the GPC attended: Minister Amatalrazaq Ali Humad https://www.peaceagreements.org/masterdocument/758",وفقًا لمبادرة مجلس التعاون الخليجي، وقع الرئيس صالح آلية التنفيذ لعملية الانتقال في اليمن. تتضمن الآلية التنفيذية للمبادرة ترتيبات نقل السلطة إلى نائب الرئيس وتشكيل حكومة  وفاق وطني ، مؤلفة من 50٪ من المؤتمر الشعبي العام ، و 50٪ للمعارضة. حضرت شخصية نسائية من المؤتمر الشعبي العام: الوزير أمة الرزاق علي حمدباللغة الإنجليزية: https://www.peaceagreements.org/masterdocument/758,National,Substantive-Partial,
,,,,,,,,,,,,,,,
,,,,,,,,,,,,,,,
,,,,,,,,,,,,,,,
,,,,,,,,,,,,,,,
,,,,,,,,,,,,,,,
,,,,,,,,,,,,,,,
2011,12,7,,2011,12,7,,,"Decree No. (184) for the year 2011, to Form a Government of National Reconciliation",قرار رقم (184) لسنة 2011 بتشكيل حكومة المصالحة الوطنية,English:  https://www.peaceagreements.org/masterdocument/1399, باللغة الإنجليزية:https: //www.peaceagreements.org/masterdocument/1399,National,Implementation,
,,,,,,,,,,,,,,,
2011,12,10,,2011,12,10,,,Tawaakol Karman receives Nobel Peace Prize ,توكل كرمان تستلم جائزة نوبل للسلام,Karman is the only Arab and youngest ever to win the peace prize. She received it for leading peaceful demonstrations for democracy and for a better future for women. ,كرمان هي العربية الوحيدة والأصغر سناً التي تفوز بجائزة السلام. تلقتها لقيادة المظاهرات السلمية من أجل الديمقراطية ومن أجل مستقبل أفضل للمرأة.,,,Political
,,,,,,,,,,,,,,,
2012,2,25,,2012,2,25,,,Vice President Hadi is elected President,انتخاب نائب الرئيس هادي كرئيس,Vice President Hadi is elected as President with no competitors. Saleh remains head of the ruling GPC party.,انتخاب نائب الرئيس هادي كرئيس بدون منافسين ويبقى صالح رئيس حزب المؤتمر الشعبي العام الحاكم.,,,Political
,,,,,,,,,,,,,,,
,,,,,,,,,,,,,,,
,,,,,,,,,,,,,,,
2012,2,1,,2012,6,1,,,Violence in Sadaa and surrounding governorates intensifies,تصاعد العنف في صعدة والمحافظات المحيطة بها,February-June: Violence between Houthi fighters and tribal militias intensifies in regions surrounding Sadaa governorate including Hajjah and Amran governorates.,فبراير إلى يونيو: تصاعد العنف بين المقاتلين الحوثيين والقبائل في المناطق المحيطة بمحافظة صعدة بما في ذلك محافظتي حجة وعمران.,,,Conflict
,,,,,,,,,,,,,,,
,,,,,,,,,,,,,,,
,,,,,,,,,,,,,,,
2012,3,1,,2012,3,1,,,Hadi implements aspects of Security Sector Reform,هادي ينفذ جوانب من إصلاح قطاع الأمن,April: President Hadi fires  senior military officers appointed by former President Saleh.,أبريل: الرئيس هادي يقيل قادة عسكرية كبيرة عينهم الرئيس السابق صالح.,,,Political
,,,,,,,,,,,,,,,
,,,,,,,,,,,,,,,
,,,,,,,,,,,,,,,
2012,6,12,,2012,6,12,,,Zinjibar re-captured from AQAP,استعادة زنجبار من القاعدة في شبه الجزيرة العربية,June: Yemeni army re-takes Zinjibar from AQAP with support from local militias known as Popular Committees.,يونيو: الجيش اليمني يستعيد زنجبار من القاعدة في شبه الجزيرة العربية بدعم من مليشيات محلية معروفة باللجان الشعبية.,,,Conflict
2012,7,29,,2012,7,29,,,"Ministry of Interior is taken over by forces loyal to the ex-President, Ali Abdullah Saleh",القبض على وزارة الداخلية من قبل القوات الموالية للرئيس السابق صالح ,"The central security forces storm the ministry with tribal fighters demanding position within Yemen’s police forces. This is viewed as a direct challenge to the restructuring of the military being proposed by the new President, Abd-Rabbu Mansour Hadi.",قوات الأمن المركزي ومقاتلين قبليين اقتحموا الوزارة و طالبوا بمناصب في قوات الشرطة اليمنية. ويعتبر هذا تحديًا مباشرًا لإعادة هيكلة الجيش الذي اقترحه الرئيس الجديد، عبد ربه منصور هادي. ,,,Conflict
,,,,,,,,,,,,,,,
,,,,,,,,,,,,,,,
2012,8,1,,2012,8,1,,,Republican Guard is targeted for SSR,تستهدف الإصلاحات الأمنية الحرس الجمهوري,"President Hadi announces restructuring of the Republican Guard, an elite unit under the command of Saleh's son, Ahmed Ali Saleh.",الرئيس هادي يعلن إعادة هيكلة الحرس الجمهوري، وحدة عسكرية خاصة تحت قيادة نجل صالح، أحمد علي صالح.,,,Political
,,,,,,,,,,,,,,,
2012,8,14,,2012,8,14,,,"Ministry of Defence is attacked by forces loyal to the ex-President, Ali Abdullah Saleh",وزارة الدفاع تتعرض للهجوم من قبل القوات الموالية للرئيس السابق صالح ,The Republican guard attack the government building. The attack comes shortly after President Hadi leaves the country to attend a summit in Saudi Arabia.,الحرس الجمهوري يهاجم مبنى الحكومة. يأتي الهجوم بعد فترة وجيزة من مغادرة الرئيس هادي البلاد لحضور قمة في المملكة العربية السعودية.,,,Conflict
,,,,,,,,,,,,,,,
2012,9,15,,2012,9,15,,,Houthis organise protests in Sanaa,ينظم الحوثيون احتجاجات في صنعاء,"September: Houthis, increasingly known as Ansar Allah, organise protests in Sanaa against the US film 'Innocence of Muslims' consolidating their support in the city.","سبتمبر: ينظم الحوثيون، المعروفون بأنصار الله، احتجاجات في صنعاء ضد الفيلم الأمريكي ""براءة المسلمين"" الأمر الذي يوطد الدعم لهم في المدينة.",,,Political
2012,11,2,,2012,11,2,,,The Assistant Secretary-General of the Popular Forces Union Party ad NDC member is assassinated. ,"اغتيل الامين العام المساعد لحزب ""اتحاد القوى الشعبية"" وعضو الحوار الوطني","Dr. Mohammed Abdel-Malik Al-Mutawakil, is assassinated in Sana’a.",اغتيل الدكتور محمد عبد الملك المتوكل، في صنعاء,,,Conflict
,,,,,,,,,,,,,,,
,,,,,,,,,,,,,,,
2013,3,18,,2013,3,18,,,National Dialogue Conference begins,يبدأ مؤتمر الحوار الوطني,"The National Dialogue Conference (NDC) begins as part of the GCC Initiative gathering 565 delegates from across Yemen's political spectrum and establishing 9 working groups looking at the country's most pressing issues. Women representation as chairs, co chairs, and ministers reached 29%.",يبدأ مؤتمر الحوار الوطني في إطار مبادرة مجلس التعاون الخليجي ويضم مؤتمر الحوار 565 مندوبا من مختلف الأطياف السياسية في اليمن وتنشأ 9 مجموعات عمل تبحث في القضايا الأكثر إلحاحا في البلاد. بلغت نسبة تمثيل النساء كرئساء اللجان، نائبات اللجان المشاركة، ومسؤولين حكوميين بنسبة 29 ٪.,,,Political
,,,,,,,,,,,,,,,
,,,,,,,,,,,,,,,
,,,,,,,,,,,,,,,
2013,4,10,,2013,4,10,,,Hadi removes senior figures from strategic military commands,يقيل هادي شخصيات بارزة من قيادة وحدات عسكرية استراتيجية,"Hadi removes Ahmed Saleh and Ali Mohsin al-Ahmar as commanders of the Republican Guard and First Armoured Division, respectively, 'promoting' them to diplomatic and advisory positions.","يقيل هادي أحمد صالح قائد الحرس الجمهوري وعلي محسن الأحمر قائد الفرقة الأولى مدرع ""ويرقيهم"" إلى مناصب دبلوماسية واستشارية.",,,Political
,,,,,,,,,,,,,,,
,,,,,,,,,,,,,,,
,,,,,,,,,,,,,,,
2013,8,25,,2013,8,25,,,Southern representatives boycott NDC,القادة الجنوبيون يقاطعون مؤتمر الحوار الوطني,June-July: Southern Movement leader Ahmed bin Farid withdraws from NDC on April 25. Other Southern leaders temporarily withdraw in June and return in July after a fist-fight broke out in the NDC's Southern Issue Working Group. Final boycott at the end of August.,يونيو إلى يوليو: ينسحب زعيم الحركة الجنوبية أحمد بن فريد من مؤتمر الحوار الوطني في 25 أبريل. وقام قادة جنوبيون آخرون بالانسحاب مؤقتًا في يونيو وعادوا في يوليو بعد اشتباكات بالأيدي في مجموعة عمل القضية الجنوبية في مؤتمر الحوار الوطني. انسحاب كامل في اخر اغسطس,,,Political
,,,,,,,,,,,,,,,
,,,,,,,,,,,,,,,
,,,,,,,,,,,,,,,
2013,9,1,,2013,9,1,,,NDC is extended for 3 months ,تمديد الحوار الوطني لمدة ٣ شهور,"NDC is extended for 3 months, agreed as an appropriately short amount of time before there is a review",تمديد الحوار الوطني لمدة ٣ شهور، كما تم الاتفاق على هذه الفترة القصيرة قبل ان بكون هناك مراجعة. ,,,Political
,,,,,,,,,,,,,,,
,,,,,,,,,,,,,,,
,,,,,,,,,,,,,,,
,,,,,,,,,,,,,,,
,,,,,,,,,,,,,,,
,,,,,,,,,,,,,,,
2013,11,22,,2013,11,22,,,NDC member and politician assassinated,اغتيال عضو في الحوار الوطني ,"Political figure Abdulkarim Jadban, who had attended the NDC as part of the pro-Houthi delegation is killed in Sana’a",تم قتل الشخصية السياسية البارزة عبد الكريم جدبان، الذي حضر المؤتمر الوطني كجزء من وفد الحوثيين في صنعاء,,,Conflict
,,,,,,,,,,,,,,,
,,,,,,,,,,,,,,,
2013,12,23,,2013,12,23,,,Agreement on a just solution issued by NDC Southern Working Group,اتفاق لحل عادل صادر عن مجموعة القضية الجنوبية في مؤتمر الحوار الوطني,"December 23: NDC's Southern Working Group issues the Agreement on a Just Solution to the Southern Question, where the members, including a Houthi representative, agreed that Yemen would become a federal state. ",23 ديسمبر : يصدر فريق القضية الجنوبية في مؤتمر الحوار الوطني الحل العادل للقضية الجنوبية، حيث اتفق الأعضاء، بمن فيهم ممثل الحوثي، على أن تصبح اليمن دولة اتحادية,,,Political
,,,,,,,,,,,,,,,
,,,,,,,,,,,,,,,
,,,,,,,,,,,,,,,
2014,1,6,,2014,1,6,,,Ceasefire between Salafists and Houthis in Dammaj,وقف إطلاق النار بين السلفيين والحوثيين في دماج,"A ceasefire is mediated by the Hadi government, ending 6 months of fighting between Ansar Allah (the Houthis) and Salafist students at the Dar al-Hadith Madrassa in Dammaj. 300 students are evacuated and the Madrassa destroyed. ",توسطت حكومة هادي لوقف إطلاق النار منهيةً ستة أشهر من القتال بين أنصار الله (الحوثيين) والطلاب السلفيين في دار الحديث في دماج وتم إجلاء 300 طالب وتدمير المدرسة. ,,,Political
2014,1,6,,2014,1,6,,,,,Ceasefire agreement English: https://www.peaceagreements.org/masterdocument/2004 Arabic: https://www.peaceagreements.org/document/2655,وقف إطلاق النار. باللغة الإنجليزية: https://www.peaceagreements.org/masterdocument/2004 بالعربية: https://www.peaceagreements.org/document/2655,Local,Ceasefire,
,,,,,,,,,,,,,,,
,,,,,,,,,,,,,,,
,,,,,,,,,,,,,,,
,,,,,,,,,,,,,,,
,,,,,,,,,,,,,,,
2014,1,11,,2014,1,11,,,Letter to Presidential Mediation Council on Terms of Ceasefire from Sheikh al-Hajuri,رسالة وجهها الشيخ يحيى بن علي الحجوري إلى لجنة الوساطة الرئاسية,The five point letter outlines the necessary requirements involved in ensuring that the Salafist students of the Dar al-Hadith are able to safely evacuate and move from Dammaj to al Hudaydah governorate. It also calls for the state to make reparations where necessary in order to support the people and infrastructure in Dammaj. English: https://www.peaceagreements.org/masterdocument/2063 Arabic: https://www.peaceagreements.org/document/2821,الرسالة المكونة من خمس نقاط توضح المتطلبات اللازمة لضمان الانتقال بأمان للطلاب السلفيين في دار الحديث من دماج الى محافظة الحديدة. ودعت الرسالة الدولة ان تقوم بإجراء إصلاحات ضرورية لدعم سكان وبنية دماج. باللغة الإنجليزية: https://www.peaceagreements.org/masterdocument/2063 بالعربية: https://www.peaceagreements.org/document/2821 ,Local,Ceasefire,
,,,,,,,,,,,,,,,
2014,1,20,,2014,1,20,,,"Agreement between the Bani Maudhah, Bani al-Shurayfi and Bani Rassam in Utmah, Dhamar",اتفاق بين بني معوضة وبني الشريفي وبني رسام في مديرية عتمة بمحافظة ذمار ,English: https://www.peaceagreements.org/masterdocument/2215 Arabic: https://www.peaceagreements.org/document/3090 ,باللغة الإنجليزية: https://www.peaceagreements.org/masterdocument/2215 بالعربية: https://www.peaceagreements.org/document/3090,Local,Ceasefire,
,,,,,,,,,,,,,,,
2014,1,25,,2014,1,25,,,National Dialogue Conference Outcomes Document,ينتهي مؤتمر الحوار الوطني بإصداره وثيقة مخرجات الحوار الوطني ,"NDC ends and issues the NDC Outcomes Document containing 1,800 points designed to guide the drafting of the new Yemeni constitution. English:  https://www.peaceagreements.org/masterdocument/1400 Arabic:  https://www.peaceagreements.org/document/1258",بتوزيع وإصدار وثيقة مؤتمر الحوار الوطني الشامل التي تحتوي على 1،800 نقطة تهدف إلى توجيه صياغة الدستور اليمني الجديد. باللغة الإنجليزية: https://www.peaceagreements.org/masterdocument/1400باللغة العربية: https://www.peaceagreements.org/document/1258 ,National,Substantive-Partial,
,,,,,,,,,,,,,,,
,,,,,,,,,,,,,,,
,,,,,,,,,,,,,,,
2014,2,4,,2014,2,4,,,Ajmar Agreement,اتفاقية عجمر,A ceasefire agreement which aims to establish peaceful coexistence between the Houthis and the Bani Sarim tribe in 'Amran governorate . English: https://www.peaceagreements.org/masterdocument/2005 Arabic: https://www.peaceagreements.org/document/2657 ,اتفاقية لوقف إطلاق النار والتعايش السلمي بين الحوثيين وقبيلة بني صريم في محافظة عمران. باللغة الإنجليزية: https://www.peaceagreements.org/masterdocument/2005 بالعربية: https://www.peaceagreements.org/document/2657,Local,Ceasefire,
,,,,,,,,,,,,,,,
2014,2,9,,2014,2,9,,,Agreement Between the Houthis and the Arhab Tribes,اتفاق بين الحوثيين وقبائل أرحب,English: https://www.peaceagreements.org/masterdocument/2226 Arabic: https://www.peaceagreements.org/document/3114,باللغة الإنجليزية: https://www.peaceagreements.org/masterdocument/2226 بالعربية: https://www.peaceagreements.org/document/3114,Local,Ceasefire,
,,,,,,,,,,,,,,,
2014,2,10,,2014,2,10,,,Final Decision on the delimitation of the Federal Regions,القرار النهائي بشأن ترسيم حدود الأقاليم الاتحادية,The Regional Delimitation Committee issues its decision to restructure Yemen into 6 regions containing the 21 governorates. English:  https://www.peaceagreements.org/masterdocument/1508 Arabic:  https://www.peaceagreements.org/document/1257,تصدر لجنة رسم الحدود الإقليمية قرارها بإعادة هيكلة اليمن إلى 6 أقاليم تحتوي على 21 محافظة. الإنجليزية: https://www.peaceagreements.org/masterdocument/1508 بالعربية: https://www.peaceagreements.org/document/1257,National,Implementation,
,,,,,,,,,,,,,,,
,,,,,,,,,,,,,,,
,,,,,,,,,,,,,,,
2014,3,8,,2014,3,8,,,Decision on the President of the Republic No. (27) of 2014 forming the Constitutional Drafting Committee,قرار رئيس الجمهورية رقم 27 لسنة 2014 لتشكيل لجنة صياغة الدستور,A Constitutional Drafting Committee is formed and Hadi announces the formation of his 17-member Constitutional Drafting Committee.  English: https://www.peaceagreements.org/masterdocument/1509 Arabic: https://www.peaceagreements.org/document/1256,تشكل لجنة صياغة الدستور يعلن هادي بتشكيل لجنة صياغة الدستور المشكلة من 17 عضوا. الإنجليزية:  https://www.peaceagreements.org/masterdocument/1509 بالعربية: https://www.peaceagreements.org/document/1256,National,Implementation,Political
2014,8,4,,2014,8,4,,,al-Qa'alah and al-Aghbarah Reconciliation Agreement,صلح بين  الكعلله والاغبره ,English: https://www.peaceagreements.org/masterdocument/2083 Arabic:https://www.peaceagreements.org/document/2953 ,باللغة الإنجليزية: https://www.peaceagreements.org/masterdocument/2083 بالعربية: https://www.peaceagreements.org/document/2953,Local,Ceasefire,
2014,8,7,,2014,8,7,,,"Agreement document between the disputed parties in Bani Al-Amiriya, Bikal Chamber, Mazhar District",وثيقة اتفاق بين الأطراف المتنازعة في بني العامرية ، عزلة بكال، و مديرية مزهر,English: https://www.peaceagreements.org/masterdocument/2082 Arabic: https://www.peaceagreements.org/document/2972,باللغة الإنجليزية: https://www.peaceagreements.org/masterdocument/2082 بالعربية: https://www.peaceagreements.org/document/2972,Local,Substantive-Partial,
2014,8,2,,2014,8,2,,,al-Qa'alah and Shubayqa Reconciliation Agreement,صلح بين الكعلله  والشبيقة,English: https://www.peaceagreements.org/masterdocument/2086 Arabic: https://www.peaceagreements.org/document/2951,باللغة الإنجليزية: https://www.peaceagreements.org/masterdocument/2086 بالعربية: https://www.peaceagreements.org/document/2951,Local,Ceasefire,
2014,9,21,,2014,9,21,,,The Peace and National Partnership Agreement,اتفاقية السلم والشراكة الوطنية,"The Houthis take control of Sanaa, following weeks of protest and the UN steps in to mediate on the Peace and National Partnership Agreement. This agreement focuses on the formation of new interim government led by Hadi, but with additional powers allocated to the Houthis and the Southern Movement. English: https://www.peaceagreements.org/masterdocument/798","
 يسيطر الحوثيونعلى صنعاء بعد أسابيع من الاحتجاجات. وتدخلت الأمم المتحدة للتوسط و انتجت اتفاق السلام والشراكة الوطنية. يركز هذا الاتفاق على تشكيل حكومة مؤقتة جديدة بقيادة هادي، ولكن مع صلاحيات إضافية خصصت للحوثيين والحراك الجنوبي. باللغة الإنجليزية https://www.peaceagreements.org/masterdocument/798
",National,Substantive-Partial,Political
,,,,,,,,,,,,,,,
,,,,,,,,,,,,,,,
,,,,,,,,,,,,,,,
,,,,,,,,,,,,,,,
,,,,,,,,,,,,,,,
,,,,,,,,,,,,,,,
,,,,,,,,,,,,,,,
,,,,,,,,,,,,,,,
,,,,,,,,,,,,,,,
,,,,,,,,,,,,,,,
,,,,,,,,,,,,,,,
2014,5,2,,2014,5,2,,,Agreement between al-ʿAwlaqī Tribe and al-Qaeda,اتفاقية بين قبيلة العوالق والقاعدة,English:  https://www.peaceagreements.org/masterdocument/1597 Arabic: https://www.peaceagreements.org/document/3168,باللغة الإنجليزية: https://www.peaceagreements.org/masterdocument/1597  بالعربية: https://www.peaceagreements.org/document/3168,Local,Ceasefire,
,,,,,,,,,,,,,,,
,,,,,,,,,,,,,,,
,,,,,,,,,,,,,,,
2014,6,26,,2014,6,26,,,Agreement between Ansar Allah and Salafists from the al-Noor Centre,وثيقة تعايش وإخاء بين انصار الله و السلفيين من مركز النور,English: https://www.peaceagreements.org/masterdocument/1883 Arabic: https://www.peaceagreements.org/document/2491,باللغة الإنجليزية: https://www.peaceagreements.org/masterdocument/1883 بالعربية: https://www.peaceagreements.org/document/2491,Local,Prenegotiation,
,,,,,,,,,,,,,,,
2014,7,15,,2014,7,15,,,"Agreement between Ansar Allah and the al-Shilali Tribe in al-Ridmah, Ibb",اتفاق بين أنصار الله وقبيلة الشلالي في الرضمة ، إب,English: https://www.peaceagreements.org/masterdocument/2084 Arabic: https://www.peaceagreements.org/document/2955,باللغة الإنجليزية: https://www.peaceagreements.org/masterdocument/2084 بالعربية: https://www.peaceagreements.org/document/2955 ,Local,Ceasefire,
,,,,,,,,,,,,,,,
,,,,,,,,,,,,,,,
,,,,,,,,,,,,,,,
,,,,,,,,,,,,,,,
2014,10,24,,2014,10,24,,,Agreement to Cease Fire between the Tihami Movement in Harah al-Yamin and Ansar Allah,اهالي وأعيان حارة اليمن بمحافظة الحديدة يوقعون اتفاقا للتعايش مع انصار الله  ,English: https://www.peaceagreements.org/masterdocument/2006  Arabic: https://www.peaceagreements.org/document/2660,باللغة الإنجليزية: https://www.peaceagreements.org/masterdocument/2006 بالعربية: https://www.peaceagreements.org/document/2660,Local,Ceasefire,
,,,,,,,,,,,,,,,
2014,10,1,,2014,10,7,,,Houthis reject the appointment of Ahmed Bin Mubarak as Chief of Staff for the president.,الحوثيون يرفضون تعيين أحمد بن مبارك رئيسا للأركان,"Hadi's Chief of Staff, Ahmed Awad bin Mubarak is detained by the Houthis in a disagreement to the draft constitution. He is released ten days later.",يحتجز أحمد عوض بن مبارك مدير مكتب الرئيس هادي من قبل الحوثيين في خلاف على مسودة الدستور وتم إطلاق سراحه بعد عشرة أيام.,,,Political
2014,10,23,,2014,10,23,,,"Untitled Agreement [in Yarim, Ibb Governorate]",اتفاقية بدون عنوان {في يريم، محافظة  إب}. ,Part of one of a series of agreements between Ansar Allah and local communities as they were expanding their territorial control in Yemen in 2014. Is arguably a form of surrender agreement on behalf of the local community. English: https://www.peaceagreements.org/masterdocument/2087 Arabic: https://www.peaceagreements.org/document/2950,جزء من سلسلة اتفاقيات بين الحوثيين والمجتمعات المحلية، حيث كانوا الحوثيون يوسعون سيطرتهم على الأراضي في اليمن منذ عام 2014. يمكن القول إن هذا شكل من الاستسلام نيابة عن المجتمع المحلي. باللغة الإنجليزية: https://www.peaceagreements.org/masterdocument/2087 بالعربية: https://www.peaceagreements.org/document/2950,Local,Ceasefire,
2014,11,1,,2014,11,1,,,Peace and National Partnership Implementation Agreement,اتفاقية السلم والشراكة الوطنية ,The agreement which outlines a commitment to fully support the new government of President Hadi is signed. https://www.peaceagreements.org/masterdocument/1884, تم توقيع الاتفاقية لمشاركة السلطة في الحكومة اليمنية. باللغة الإنجليزية: https://www.peaceagreements.org/masterdocument/1884,National,Implementation,
2014,11,6,,2014,11,6,,,UN Sanctions Ali Abdullah Saleh,الأمم المتحدة تعلن فرض عقوبات على الرئيس السابق صالح,"The UN announces sanctions on the former President Saleh, placing a travel ban on him after it becomes apparent that he supported the houthis in derailing the transitional process.",أعلنت الأمم المتحدة عن فرض عقوبات على الرئيس السابق،  صالح ، وفرض حظرًا علىه من السفر بعد أن أصبح دعمه  للحوثيين في إنهاء عملية الانتقال واضحا,,,Political
,,,,,,,,,,,,,,,
,,,,,,,,,,,,,,,
,,,,,,,,,,,,,,,
,,,,,,,,,,,,,,,
,,,,,,,,,,,,,,,
,,,,,,,,,,,,,,,
2014,12,4,,2014,12,4,,,Agreement between the Tribes of ʿUbaydah and Ansar Allah,اتفاقية بين قبائل عبيدة وأنصار الله,English:  https://www.peaceagreements.org/masterdocument/1676 Arabic: https://www.peaceagreements.org/document/2304,باللغة الإنجليزية: https://www.peaceagreements.org/masterdocument/1676 بالعربية: https://www.peaceagreements.org/document/2304,Local,Substantive-Partial,
,,,,,,,,,,,,,,,
,,,,,,,,,,,,,,,
,,,,,,,,,,,,,,,
,,,,,,,,,,,,,,,
,,,,,,,,,,,,,,,
,,,,,,,,,,,,,,,
,,,,,,,,,,,,,,,
2015,1,22,,2015,1,22,,,President Hadi and PM Khaled Bahah resign,يستقيل الرئيس هادي و رئيس الوزراء خالد بحاح,"An agreement is negotiated between the Houthis and the Hadi government to end the political and military stand-off, but quickly fails. Hadi resigns as President with his PM. Hadi and Bahah are placed under House arrest.",يتم التفاوض على اتفاق بين الحوثيين وحكومة هادي لإنهاء المواجهة السياسية والعسكرية ولكن سرعان ما يفشل الاتفاق وهادي يستقيل من الرئاسة مع رئيس الوزراء. تم وضع هادي و بحاح تحت الاقامة الجبرية,,,Political
,,,,,,,,,,,,,,,
,,,,,,,,,,,,,,,
,,,,,,,,,,,,,,,
2015,2,6,,2015,2,6,,,Houthis suspend the constitution and seize the government. Hadi flees to Aden.,الحوثيون يستولون على الحكومة و يحلوا الدستور الجمهوري. ,Houthis announce the suspension of the constitution and the house of representatives while Hadi withdraws his resignation,الحوثيون يعلنون تعليق الدستور ومجلس النواب و هادي يتراجع عن استقالته ,,,Political
,,,,,,,,,,,,,,,
2015,2,21,,2015,2,21,,,Hadi flees to Aden and declares Aden the temporary capital,هادي يفر إلى عدن ويعلن عدن العاصمة المؤقتة,"Hadi escapes Sanaa and arrives in Aden, where he rescinds his resignation and denounces the Houthi take-over as a 'coup'.","يهرب هادي من صنعاء ويصل إلى عدن حيث يلغى استقالته ويندد بعملية استيلاء الحوثي على الحكم بانها ""انقلاب"".",,,Political
2015,3,18,,2015,3,18,,,NDC member and pro-Houthi journalist assassinated,اغتيل الصحافي المحسوب على جماعة أنصار الله ,"The prominent political figure Abdulkarim al-Khaiwani, who had attended the NDC as a representative of Ansar Allah is killed in Sana’a.",اغتيل و عضو الحوار الوطني، عبدالكريم الخيواني، في العاصمة  صنعاء.,,,Conflict
2015,3,20,,2015,3,20,,,First attack claimed by Islamic State in Sanaa,أول هجوم تتبناه الدولة الإسلامية في صنعاء,Suicide bombs at three mosques kill 137 in Sanaa in the first attack claimed by the Islamic State in Yemen.,تؤدي تفجيرات انتحارية في 3 مساجد في صنعاء بقتل 137. يعتبر الهجوم الأول الذي تتبناه الدولة الإسلامية في صنعاء.,,,Conflict
2015,3,18,,2015,3,18,,,Warplane attacked the presidential palace in Aden,هاجمت طائرة حربية القصر الرئاسي في عدن بع,"This comes after Saleh-Houthi forces clash with the popular resistance, which marked the worst clashes in years in Aden. ", ف بعد أن اشتبكت قوات صالح والحوثيين مع المقاومة الشعبية. شهدت عدن أسوأ اشتباكات منذ سنوات.,,,Conflict
,,,,,,,,,,,,,,,
,,,,,,,,,,,,,,,
,,,,,,,,,,,,,,,
2015,3,26,,2015,3,26,,,Arab Coalition intervenes in Yemen,التحالف العربي يتدخل في اليمن,An Arab Coalition led by Saudi Arabia launch Operation Decisive Storm to re-take Aden after President Hadi pleads for their assistance. Hadi flees to Riyadh.,يطلق التحالف العربي بقيادة السعودية عملية عاصفة الحزم لإعادة الاستيلاء على عدن بعد أن ناشد الرئيس هادي مساعدتهم وهادي يهرب إلى الرياض.,,,Conflict
,,,,,,,,,,,,,,,
,,,,,,,,,,,,,,,
,,,,,,,,,,,,,,,
2015,4,2,,2015,4,2,,,AQAP capture Mukalla,تنظيم القاعدة في شبه الجزيرة العربية يستولي على المكلا,The city is captured in a few days and remains under their control,يتم الاستيلاء على المدينة في غضون أيام قليلة وتبقى تحت سيطرتهم,,,Conflict
,,,,,,,,,,,,,,,
2015,4,14,,2015,4,14,,,United Nations Security Council Resolution 2216 Adopted,اعتماد قرار مجلس الأمن الدولي رقم 2216,A full arms embargo against the Ansar Allah/Saleh alliance and demands that all parties refrain from unilateral actions that could undermine the country’s UN-facilitated political transition.,,,,Political
,,,,,,,,,,,,,,,
2015,4,21,,2015,4,21,,,Arab Coalition launch Operation Restoring Hope,يطلق التحالف العربي عملية إعادة الأمل,The Arab Coalition launch Operation Restoring Hope,يطلق التحالف العربي عملية إعادة الأمل,,,Conflict
,,,,,,,,,,,,,,,
,,,,,,,,,,,,,,,
,,,,,,,,,,,,,,,
2015,4,22,,2015,4,22,,,Oman announce Muscat peace plan,تعلن سلطنة عمان عن خطة مسقط للسلام,Oman issues the 7-point Muscat Peace Plan.,تصدر سلطنة عمان خطة تضم سبع نقاط للسلام,,,Political
,,,,,,,,,,,,,,,
,,,,,,,,,,,,,,,
,,,,,,,,,,,,,,,
2015,4,25,,2015,4,25,,,Ismail Ould Chekh Ahmed becomes UN Special Envoy to Yemen,يعين إسماعيل ولد الشيخ أحمد مبعوثا خاصا للأمم المتحدة إلى اليمن,Ismail Ould Chekh Ahmed is appointed as UN Secretary-General Special Envoy to Yemen.,تم تعيين إسماعيل ولد الشيخ أحمد كمبعوث خاص للأمين العام للأمم المتحدة إلى اليمن.,,,Political
,,,,,,,,,,,,,,,
,,,,,,,,,,,,,,,
,,,,,,,,,,,,,,,
2015,4,26,,2015,4,26,,,Attacks on Saudi territory intensify,تكثف الهجمات على الأراضي السعودية ,Cross-border attack into Saudi Arabia kills one member of the Saudi National Guard.,يقتل هجوم عبر الحدود السعودية أحد أفراد الحرس الوطني السعودي,,,Conflict
,,,,,,,,,,,,,,,
2015,5,11,,2015,5,11,,,Saleh and Houthis declare alliance officially,صالح والحوثيين يعلنون تحالفهم رسميا,"Even though Saleh had provided Ansar Allah (Houthis) with everything they needed to capture Sanaa, it was on this day that their alliance was declared officially. ",على الرغم من أن صالح قد زود الحوثيين بكل ما يحتاجونه للاستيلاء على صنعاء ، أنه في هذا اليوم تم إعلان تحالفهم رسميًا.,,,Political
,,,,,,,,,,,,,,,
2015,5,12,,2015,5,12,,,5-day ceasefire agreed,اتفاق وقف إطلاق النار لمدة خمسة أيام,5-day ceasefire agreed to by both parties. Humanitarian supplies arrive in Hodeidah.,وافق الطرفان على اتفاق وقف إطلاق النار لمدة خمسة أيام وتصل الإمدادات الإنسانية إلى الحديدة.,,,Conflict
,,,,,,,,,,,,,,,
,,,,,,,,,,,,,,,
,,,,,,,,,,,,,,,
2015,5,17,,2015,5,17,,,Riyadh Peace Conference held for pro-government coalitions,عقد مؤتمر السلام الرياض للتحالفات المؤيدة للحكومة,"The conference is attended by delegates from the GPC, Islah and YSP, but without Ansar Allah(Houthis). The goal was to isolate the Houthis and restore the federal state of Yemen and the NDC outcomes. ",حضر المؤتمر مندوبون من المؤتمر الشعبي العام والإصلاح والحزب الاشتراكي اليمني ولكن بدون حضور من أنصار الله. كان الهدف هو عزل الحوثيين واستعادة الدولة الفيدرالية في اليمن و مخرجات الحوار الوطني,,,Political
,,,,,,,,,,,,,,,
2015,6,2,,2015,6,2,,,Statement on Security in Governorate of Ibb,بيان حول الأمن في محافظة إب,English: https://www.peaceagreements.org/masterdocument/1823 Arabic: https://www.peaceagreements.org/document/2389 ,باللغة الإنجليزية: https://www.peaceagreements.org/masterdocument/1823 بالعربية: https://www.peaceagreements.org/document/2389,Local,Prenegotiation,
,,,,,,,,,,,,,,,
2015,6,15,,2015,6,15,,,Geneva I talks begin,تبدأ محادثات جنيف الأولى,Preliminary Inclusive Consultations between Ansar Allah and the Yemeni government begin in Geneva. This was after they were postponed from the 28th of May. ,تبدأ في جنيف مشاورات أولية شاملة بين أنصار الله والحكومة اليمنية. كان هذا بعد أن تم تأجيل المحادثات من 28 مايو.,,,Political
,,,,,,,,,,,,,,,
,,,,,,,,,,,,,,,
2015,8,15,,2015,8,15,,,"Agreement between al-Rabadi Resistance and Ansar Allah, Ibb Governorate",اتفاق بين مقاومة الربادي وأنصار الله، محافظة إب,English: https://www.peaceagreements.org/masterdocument/2214 Arabic: https://www.peaceagreements.org/document/3088,باللغة الإنجليزية: https://www.peaceagreements.org/masterdocument/2214 بالعربية: https://www.peaceagreements.org/document/3088,Local,Ceasefire,
,,,,,,,,,,,,,,,
,,,,,,,,,,,,,,,
,,,,,,,,,,,,,,,
,,,,,,,,,,,,,,,
2015,9,4,,2015,9,4,,,Dozens killed at Marib base by Houthi/Saleh missile,مقتل العشرات بصاروخ حوثي/حرس جمهوري في قاعدة عسكرية في مأرب ,Missile kills 67 coalition troops and dozens of Hadi loyalists in an attack on an Arab Coalition base in Marib governorate.,يقتل صاروخ  67 من قوات التحالف وعشرات من المقاتلين الموالين لهادي في هجوم على قاعدة للتحالف العربي في محافظة مأرب.,,,Conflict
,,,,,,,,,,,,,,,
,,,,,,,,,,,,,,,
,,,,,,,,,,,,,,,
2015,10,19,,2015,10,19,,,Seven Point Peace Plan (Muscat Principles),خطة مكونة من سبع نقاط للسلام (مبادئ مسقط),https://www.peaceagreements.org/masterdocument/1734,بالإنجليزي: https://www.peaceagreements.org/masterdocument/1734,National,Prenegotiation,
,,,,,,,,,,,,,,,
,,,,,,,,,,,,,,,
,,,,,,,,,,,,,,,
2015,10,26,,2015,10,26,,,Sadaa hospital destroyed in airstrike,تدمير مستشفى في صعدة جراء غارة جوية ,MSF report the destruction of an MSF-run hospital in Sadaa from an airstrike,أفادت منظمة أطباء بلا حدود عن تدمير مستشفى تابع لها في صعدة من غارة جوية,,,Conflict
,,,,,,,,,,,,,,,
,,,,,,,,,,,,,,,
,,,,,,,,,,,,,,,
,,,,,,,,,,,,,,,
,,,,,,,,,,,,,,,
,,,,,,,,,,,,,,,
,,,,,,,,,,,,,,,
2015,12,6,,2015,12,6,,,Governor of Aden killed by Islamic State,مقتل محافظ عدن على يد الدولة الإسلامية,Governor of Aden and 6 bodyguards killed in car bombing claimed by the Islamic State. Aydrus Zubaydi is appointed as successor.,مقتل محافظ عدن وستة من مرافقيه تفجير سيارة تبناه تنظيم الدولة الإسلامية وتم تعيين عيدروس الزبيدي خلفا له,,,Conflict
,,,,,,,,,,,,,,,
,,,,,,,,,,,,,,,
,,,,,,,,,,,,,,,
2015,12,15,,2015,12,15,,,Geneva II begins,بدء الجولة الثانية من المفاوضات في جنيف,"A second round of negotiations is scheduled to begin between Ansar Allah and the Yemeni Government in Geneva, but is delayed and talks eventually breakdown following ceasefire violations from both sides.",من المقرر أن تبدأ جولة ثانية من المفاوضات في جنيف بين أنصار الله والحكومة اليمنية ولكنها تتأخر وفي النهاية تنهار بعد انتهاكات لوقف إطلاق النار من كلا الجانبين.,,,Political
,,,,,,,,,,,,,,,
,,,,,,,,,,,,,,,
,,,,,,,,,,,,,,,
2016,2,29,,2016,2,29,,,Agreement to Solve the Problem regarding al-Maashiq Palace,اتفاق لحل المشكلة المتعلقة بقصر المعاشيق.,A short agreement on the transfer of checkpoints to the Southern Resistance from the al-Ma'ashiq Guards (al-Ma'ashiq) in the Presidential Palace in Aden. https://www.peaceagreements.org/masterdocument/2007 ,اتفاق قصير على نقل نقاط التفتيش إلى المقاومة الجنوبية من حرس المعاشيق في القصر الرئاسي في عدن. باللغة الإنجليزية: https://www.peaceagreements.org/masterdocument/2007,Local,Prenegotiation,
,,,,,,,,,,,,,,,
,,,,,,,,,,,,,,,
,,,,,,,,,,,,,,,
2016,3,4,,2016,3,4,,,Islamic State claim attack on charity in Aden,تتبنى الدولة الإسلامية هجوم على جمعية خيرية في عدن,16 killed in an attack on the Missionaries of Charity in Aden,مقتل 16 في هجوم على جمعية المحسنين في عدن,,,Conflict
,,,,,,,,,,,,,,,
,,,,,,,,,,,,,,,
,,,,,,,,,,,,,,,
2016,3,6,,2016,3,6,,,Local mediators establish prisoner exchange and border truce,وسطاء محليون يصلون إلى اتفاق لتبادل الأسرى والهدنة على الحدود,A 'border calm' is negotiated by local mediators to ending fighting on the Sadaa-Saudi border in addition to a prisoner exchange.,يتم التفاوض على التهدئة على الحدود من قبل وسطاء محليين لإنهاء القتال على حدود بين محافظة صعدة والسعودية بالإضافة إلى تبادل الأسرى,,,Political
,,,,,,,,,,,,,,,
,,,,,,,,,,,,,,,
,,,,,,,,,,,,,,,
2016,4,2,,2016,4,2,,,"Ceasefire Agreement for the Governorate of al-Hajjah between Ansar Allah and the legitimate Government of Yemen, signed in Dhahran al-Janoub",اتفاقية وقف إطلاق النار  في محافظة حجة بين أنصار الله والحكومة الشرعية اليمنية ، الموقعة في ظهران الجنوب.,"Ceasefire Agreement in the Governorate of al-Hajjah between Ansar Allah and the internationally recoganized Government of Yemen, signed in Dhahran al-Janoub and mediated by local tribes. https://www.peaceagreements.org/masterdocument/1824 ",اتفاقية وقف إطلاق النار في محافظة حجة بين أنصار الله والحكومة اليمنية المعترف بها دولياً ، الموقعة في ظهران الجنوب وبواسطة القبائل المحلية. تحكيم قبلي لوقف إطلاق النار في حجة بظهران الجنوب. باللغة الإنجليزية: https://www.peaceagreements.org/masterdocument/1824,National,Ceasefire,
,,,,,,,,,,,,,,,
,,,,,,,,,,,,,,,
,,,,,,,,,,,,,,,
2016,4,3,,2016,4,3,,,Ali Mohsin al-Ahmar appointed as Vice President,تم تعيين علي محسن الأحمر نائباً للرئيس,"Hadi appoints Ali Mohsen al-Ahmar as Vice President, replacing Khalid Bahah",يعين هادي علي محسن الأحمر نائبًا له ليحل محل خالد بحاح,,,Political
,,,,,,,,,,,,,,,
,,,,,,,,,,,,,,,
,,,,,,,,,,,,,,,
,,,,,,,,,,,,,,,
,,,,,,,,,,,,,,,
,,,,,,,,,,,,,,,
2016,4,4,,2016,4,4,,,"Ceasefire Implementation Agreement for the Governorate of Hajjah, signed in Dhahran al-Janoub",اتفاقية تنفيذ وقف إطلاق النار في محافظة حجة، الموقعة في ظهران الجنوب. .,A ceasefire is negotiated for Hajjah signed in Dahran al-Janoub.,يتم التفاوض على وقف إطلاق النار في حجة في اتفاقية وقعت في ظهران الجنوب.,,,Political
2016,4,4,,2016,4,4,,,,,Ceasefire agreement  English: https://www.peaceagreements.org/masterdocument/1825 Arabic: https://www.peaceagreements.org/document/2958,وقف إطلاق النار.  باللغة الإنجليزية: https://www.peaceagreements.org/masterdocument/1825 بالعربية: https://www.peaceagreements.org/document/2958,National,Ceasefire,
,,,,,,,,,,,,,,,
,,,,,,,,,,,,,,,
2016,4,10,,2016,4,10,,,"Dhahran al-Janoub Agreements on the Cessation of Hostilities in Yemen for Shabwah, al-Dhali'a, al-Baydah, al-Jawf, Marib, Taiz and Terms and Conditions",اتفاقيات ظهران الجنوب لوقف الأعمال القتالية في اليمن في شبوة والضالع والبيضاء والجوف ومأرب وتعز. وفي الاتفاقية تتواجد الشروط والأحكام. ,"A series of 5 other governorate-level ceasefires are signed in Dharan al-Janoub for Jawf, Baydah, Lahj, Marib, and Taiz. Ceasefires for Marib and Taiz are amended to better fit local conditions.",تم التوقيع على سلسلة من اتفاقيات وقف إطلاق النار على مستوى خمس محافظات أخرى في ظهران الجنوب وهي: الجوف والبيضاء ولحج ومأرب وتعز ويتم تعديل اتفاقيات وقف إطلاق النار لمحافظتي مأرب وتعز لتناسب الظروف المحلية. ,,,Political
2016,4,10,,2016,4,10,,,,,Ceasefire agreement  https://www.peaceagreements.org/masterdocument/1586,وقف إطلاق النار. باللغة الإنجليزية: https://www.peaceagreements.org/masterdocument/1586,National,Ceasefire,
,,,,,,,,,,,,,,,
,,,,,,,,,,,,,,,
2016,4,20,,2016,4,20,,,Dhalea Ceasefire,وقف إطلاق النار في الضالع,English: https://www.peaceagreements.org/masterdocument/2009 Arabic: https://www.peaceagreements.org/document/2662,باللغة الإنجليزية: https://www.peaceagreements.org/masterdocument/2009 باللغة العربية: https://www.peaceagreements.org/document/2662,Local,Ceasefire,
,,,,,,,,,,,,,,,
,,,,,,,,,,,,,,,
,,,,,,,,,,,,,,,
,,,,,,,,,,,,,,,
,,,,,,,,,,,,,,,
,,,,,,,,,,,,,,,
2016,4,10,,2016,4,10,,,Yemeni Military Ceasefire Order (with Signature by Ansar Allah Representative),امر وقف اطلاق النار من قبل الجيش اليمني (بحضور و توقيع ممثل لأنصار الله),English: https://www.peaceagreements.org/masterdocument/2008 Arabic: https://www.peaceagreements.org/document/2665,باللغة الإنجليزية: https://www.peaceagreements.org/masterdocument/2008 بالعربية: https://www.peaceagreements.org/document/2665,National,Ceasefire,
,,,,,,,,,,,,,,,
,,,,,,,,,,,,,,,
,,,,,,,,,,,,,,,
2016,4,16,,2016,4,16,,,Ta'iz Ceasefire Agreement,اتفاقية وقف اطلاق النار في تعز ,English: https://www.peaceagreements.org/masterdocument/1826 Arabic: https://www.peaceagreements.org/document/2383 ,باللغة الإنجليزية: https://www.peaceagreements.org/masterdocument/1826 بالعربية: https://www.peaceagreements.org/document/2383,Local,Ceasefire,
,,,,,,,,,,,,,,,
,,,,,,,,,,,,,,,
,,,,,,,,,,,,,,,
2016,4,17,,2016,4,17,,,Implementation Mechanism of the Ceasefire Agreement in the Governorate of Marib ,آلية تنفيذ اتفاقية وقف إطلاق النار في محافظة مأرب,English: https://www.peaceagreements.org/masterdocument/2010 Arabic: https://www.peaceagreements.org/document/2666 ,باللغة الإنجليزية: https://www.peaceagreements.org/masterdocument/2010 بالعربية: https://www.peaceagreements.org/document/2666,Local,Ceasefire,
,,,,,,,,,,,,,,,
2016,4,20,,2016,4,20,,,al-Baydah Ceasefire ,وقف إطلاق النار في البيضاء ,English: https://www.peaceagreements.org/masterdocument/2089 Arabic: https://www.peaceagreements.org/document/2976 ,باللغة الإنجليزية: https://www.peaceagreements.org/masterdocument/2089 باللغة العربية: https://www.peaceagreements.org/document/2976 ,Local,Ceasefire,
,,,,,,,,,,,,,,,
2016,4,21,,2016,4,21,,,Kuwaiti peace talks begin,بدء محادثات السلام في الكويت,Delegations in Kuwait negotiate via 'proximity talks',تفاوض الوفود في الكويت في مفاوضات غير مباشرة,,,Political
,,,,,,,,,,,,,,,
,,,,,,,,,,,,,,,
,,,,,,,,,,,,,,,
2016,4,26,,2016,4,26,,,Mukalla re-captured from AQAP,إعادة الاستيلاء على المكلا من القاعدة في شبه الجزيرة العربية,AQAP driven out of Mukalla by Emirati and Southern Resistance forces.,إخراج تنظيم القاعدة من المكلا على يد قوات إماراتية ومن قوات النخبة الحضرمية.,,,Conflict
,,,,,,,,,,,,,,,
,,,,,,,,,,,,,,,
,,,,,,,,,,,,,,,
2016,6,6,,2016,6,6,,,Prisoner swap occurs,يحدث تبادل الأسرى ,Parties implement a prisoner swap.,تنفيذ الأطراف تبادل الأسرى.,,,Political
,,,,,,,,,,,,,,,
,,,,,,,,,,,,,,,
,,,,,,,,,,,,,,,
2016,7,28,,2016,7,28,,,Supreme Political Council (SPC) formed in Sanaa,تشكيل المجلس السياسي الأعلى في صنعاء,The GPC and Ansar Allah announce the formation of a Supreme Political Council in Sanaa.,يعلن المؤتمر الشعبي العام وأنصار الله تشكيل المجلس السياسي الأعلى في صنعاء.,,,Political
,,,,,,,,,,,,,,,
,,,,,,,,,,,,,,,
,,,,,,,,,,,,,,,
2016,8,6,,2016,8,6,,,Kuwaiti talks end,تنتهي محادثات الكويت,Kuwait talk end following deadlock.,تنتهي محادثات الكويت بعد الوصول إلى طريق مسدود,,,Political
,,,,,,,,,,,,,,,
,,,,,,,,,,,,,,,
,,,,,,,,,,,,,,,
2016,8,14,,2016,8,14,,,First meeting of SPC in Sanaa,الاجتماع الأول للمجلس السياسي الأعلى في صنعاء,High Political Council in Sanaa meet in Sanaa's parliament building.,يجتمع المجلس السياسي الأعلى في مبنى برلمان صنعاء.,,,Political
,,,,,,,,,,,,,,,
,,,,,,,,,,,,,,,
,,,,,,,,,,,,,,,
2016,8,25,,2016,8,25,,,Kerry Roadmap initiative announced,إعلان مبادرة كيري,"US Secretary of State, John Kerry, announces a roadmap for peace talks.",يعلن وزير الخارجية الأمريكي جون كيري عن خارطة طريق لمحادثات السلام.,,,Political
,,,,,,,,,,,,,,,
,,,,,,,,,,,,,,,
,,,,,,,,,,,,,,,
2016,10,8,,2016,10,8,,,Funeral airstrike in Sanaa,تستهدف غارة جوية عزاء في صنعاء,"Two Coalition airstrikes hit a funeral in Sanaa, killing 155 and wounding 525.",ضربت غارتان لقوات التحالف عزاء في صنعاء مما أسفر عن مقتل 155 وإصابة 525,,,Conflict
,,,,,,,,,,,,,,,
,,,,,,,,,,,,,,,
,,,,,,,,,,,,,,,
2016,10,19,,2016,10,19,,,UN calls for ceasefire,تدعو الأمم المتحدة إلى وقف إطلاق النار ,"UN Special Envoy for Yemen, Ismail Ould Cheikh Ahmed calls for a 72-hour ceasefire and re-activation of the Dharan al-Janoub De-escalation and Coordination Committee.",دعا المبعوث الخاص لليمن إسماعيل ولد الشيخ أحمد إلى وقف إطلاق النار لمدة 72 ساعة وإعادة تفعيل لجنة ظهران الجنوب للتهدئة والتنسيق,,,Political
,,,,,,,,,,,,,,,
,,,,,,,,,,,,,,,
,,,,,,,,,,,,,,,
2016,10,25,,2016,10,25,,,Quad roadmap initiative announced,إعلان مبادرة المجموعة الرباعية ,"The 'Quad' consisting of Saudi Arabia, the UAE, UK and US, announce a new roadmap.",اعلنت المجموعة الرباعية التي تضم السعودية والإمارات والمملكة المتحدة والولايات المتحدة عن خارطة طريق جديدة.,,,Political
,,,,,,,,,,,,,,,
,,,,,,,,,,,,,,,
,,,,,,,,,,,,,,,
2016,11,16,,2016,11,16,,,Statement,بيان,A short statement issued by Ansar Allah and the General People's Congress agreeing to the Muscat Principles and to send representatives to the Calm and Coordination Committee in November 2016. The meetings did not take place. English: https://www.peaceagreements.org/masterdocument/2014 Arabic: https://www.peaceagreements.org/document/2742,بيان موجز صادر عن أنصار الله والمؤتمر الشعبي العام أعربوا فيه الموافقة لمبادئ مسقط وإرسال ممثلين إلى لجنة التهدئة والتنسيق في نوفمبر 2016. الاجتماعات لم تعقد. باللغة الإنجليزية: https://www.peaceagreements.org/masterdocument/2014  باللغة العربية: https://www.peaceagreements.org/document/2742,National,Prenegotiation,
,,,,,,,,,,,,,,,
,,,,,,,,,,,,,,,
,,,,,,,,,,,,,,,
2017,1,23,,2017,1,23,,,Mokha captured by pro-Hadi forces,تستولي قوات موالية لهادي على المخا,Hadi Loyalist forces seize Mokha port on the west coast.,تستولي قوات موالية لهادي على ميناء المخا على الساحل الغربي.,,,Conflict
,,,,,,,,,,,,,,,
,,,,,,,,,,,,,,,
,,,,,,,,,,,,,,,
2017,1,29,,2017,1,29,,,Navy SEAL raid in al-Baydah,غارة تابعة للبحرية الأمريكية في البيضة,A Navy SEAL is reported killed in US raid on suspected AQAP targets in al-Baydah. The attack reportedly killed 10 Yemeni women and children.,قُتل جندي من القوات البحرية الأمريكية في غارة أمريكية على أهداف يشتبه أنها تابعة لتنظيم القاعدة في شبه الجزيرة العربية في البيضاء وأسفر الهجوم عن مقتل 10 نساء وأطفال يمنيين.,,,Conflict
,,,,,,,,,,,,,,,
,,,,,,,,,,,,,,,
,,,,,,,,,,,,,,,
2017,3,18,,2017,3,18,,,42 Somalis killed in helicopter attack on boat,مقتل 42 صوماليا على متن قارب في هجوم بطائرة عمودية ,"A helicopter gunship attacks a boat off the coast of Yemen, killing 42 Somalis.",هجوم طائرة عمودية هجومية على قارب قبالة سواحل اليمن مما أسفر عن مقتل 42 صوماليا.,,,Conflict
,,,,,,,,,,,,,,,
,,,,,,,,,,,,,,,
,,,,,,,,,,,,,,,
2017,5,4,,2017,5,4,,,Aden Historic Declaration issued forming Southern Transitional Council,إعلان عدن التاريخي الذي شكل المجلس الانتقالي الجنوبي ,"Aden Historic Declaration is read in Aden, announcing the formation of the Southern Transitional Council, by former-Governor Aydrus al-Zubaydi.",أصدر المحافظ السابق لمحافظة عدن عيدروس الزبيدي إعلان عدن التاريخي في مدينة عدن، معلنا تشكيل المجلس الانتقالي الجنوبي,,,Political
,,,,,,,,,,,,,,,
,,,,,,,,,,,,,,,
,,,,,,,,,,,,,,,
,,,,,,,,,,,,,,,
,,,,,,,,,,,,,,,
,,,,,,,,,,,,,,,
2017,11,6,,2017,11,6,,,Humanitarian aid blocked by Arab Coalition,منع التحالف العربي المساعدات الإنسانية,Arab Coalition prevents planes carrying humanitarian aid from landing in Yemen.,التحالف العربي يمنع الطائرات التي تحمل مساعدات إنسانية من الهبوط في اليمن,,,Conflict
,,,,,,,,,,,,,,,
,,,,,,,,,,,,,,,
,,,,,,,,,,,,,,,
2017,11,28,,2017,11,28,,,Saleh defects from Ansar Allah-GPC alliance,ينهي صالح التحالف بين الحوثيين والمؤتمر الشعبي العام,President Saleh announces his defection from Ansar Allah (Houthis) sparking a firefight in Sanaa.,أعلن الرئيس صالح عن انشقاقه من الحوثيين مما أدى إلى نشوب معركة في صنعاء.,,,Conflict
,,,,,,,,,,,,,,,
,,,,,,,,,,,,,,,
,,,,,,,,,,,,,,,
2017,12,4,,2017,12,4,,,Ali Abdullah Saleh is killed,مقتل صالح,Ex-President Saleh is assassinated by Houthi gunmen in Sanaa after a three day battle.,اغتيل الرئيس صالح من قبل مسلحين من الحوثيين  في صنعاء في معركة استمرت لثلاثة أيام.,,,Conflict
,,,,,,,,,,,,,,,
,,,,,,,,,,,,,,,
,,,,,,,,,,,,,,,
2017,12,6,,2017,12,6,,,Hodeidah offensive launched by Arab Coalition,بدأ هجوم الحديدة الذي أطلقه التحالف العربي ,Arab Coalition launch the offensive to re-take Hodeidah governorate.,أطلق التحالف العربي هجوم لإعادة السيطرة على محافظة الحديدة.,,,Conflict
,,,,,,,,,,,,,,,
,,,,,,,,,,,,,,,
,,,,,,,,,,,,,,,
2017,10,1,,2017,12,21,,,"Cholera kills at least 2,200",وباء الكوليرا يقتل اكثر من 2200 ,"October - December 21, 2017: Yemen faces the worst Cholera outbreak since records began. By October 2017, in the space of six months, the World Health Organisation had reported more than 815,000 suspected cases of the disease (with cases likely to rise to over 1 million by early 2019 – UN estimate) and 2,156 deaths. By December, the ICRC announces that 1 million cases of cholera have been reported since outbreak in spring 2017, with 2,200 deaths. This surpasses the biggest outbreak of the disease in modern history, since records began in 1949. ","أكتوبر - 21 ديسمبر 2017: اليمن يواجه أسوأ تفشي للكوليرا منذ بدء السجلات. بحلول أكتوبر ٢٠١٧، في غضون ستة أشهر، أبلغت منظمة الصحة العالمية عن أكثر من ٨١٥٠٠٠ حالة مشتبه فيها (الحالات المشتبه فيها ترتفع إلى أكثر من مليون بحلول أوائل عام 2019 بحسب تقديرات الأمم المتحدة) و ٢١٥٦ حالة وفاة . بحلول ديسمبر, أعلنت اللجنة الدولية للصليب الأحمر أنه تم الإبلاغ عن مليون حالة من الكوليرا منذ تفشي المرض في ربيع عام 2017، بما في ذلك 2200 حالة وفاة. وهذا يتجاوز أكبر انتشار للمرض في التاريخ الحديث، منذ أن بدأت السجلات في عام ١٩٤٩.",,,Conflict
,,,,,,,,,,,,,,,
,,,,,,,,,,,,,,,
,,,,,,,,,,,,,,,
2018,1,28,,2018,1,28,,,Firefight between Southern Transitional Council and Yemeni government,معارك بين المجلس الانتقالي الجنوبي والحكومة اليمنية,"Rifts between the Southern Transitional Council and Yemeni government intensify after the STC prohibits the holding of a cabinet meeting at the Presidential Palace in Aden and demand the sacking of Prime Minister Ahmed bin Daghr. Fighting breaks out on January 28. STC-aligned forces manage to capture two military camps to the north of the city, as well as break through the initial defenses of the Presidential Palace. The Arab Coalition intervenes and mediates a ceasefire.",تصاعدت الخلافات بين المجلس الانتقالي الجنوبي والحكومة اليمنية بعد حظر المجلس الانتقالي عقد اجتماع لمجلس الوزراء في قصر الرئاسة في عدن ومطالبته بإقالة رئيس الوزراء أحمد بن دغر.  انفجر القتال في 28 يناير وتمكنت قوات متحالفة مع المجلس الانتقالي الجنوبي من إلقاء القبض على معسكرين شمال المدينة، بالإضافة إلى اختراق خط الدفاع الأول للقصر الرئاسي. تدخل التحالف العربي وتوسط لوقف إطلاق النار.,,,Conflict
,,,,,,,,,,,,,,,
,,,,,,,,,,,,,,,
,,,,,,,,,,,,,,,
2018,1,18,,2018,1,18,,,"Agreement regarding the Exchange of Prisoners, Detainees, Remains and Missing Persons",الاتفاق المتعلق بتبادل السجناء والمحتجزين والبقايا والمفقودين,English: https://www.peaceagreements.org/masterdocument/2119  Arabic: https://www.peaceagreements.org/document/2847,https://www.peaceagreements.org/document/2847 :بالعربية  https://www.peaceagreements.org/masterdocument/2119:باللغة الإنجليزية,Local,Ceasefire,
,,,,,,,,,,,,,,,
,,,,,,,,,,,,,,,
,,,,,,,,,,,,,,,
2018,2,18,,2018,2,18,,,Martin Griffiths becomes UN Special Envoy,تعيين مارتن غريفيث كمبعوث خاص للأمم المتحدة,Martin Griffiths is appointed as Secretary-General Special Envoy to Yemen.,تم تعيين مارتن غريفيث كمبعوث خاص للأمين العام لليمن.,,,Political
,,,,,,,,,,,,,,,
,,,,,,,,,,,,,,,
,,,,,,,,,,,,,,,
2018,4,3,,2018,4,3,,,22 million Yemenis require aid,22 مليون يمني يحتاجون إلى المساعدة الانسانية,"22 million Yemenis are reported as requiring humanitarian aid and 18 million are food insecure. In the conflict, 85,000 children have died of hunger. ",  85000 طفل يموتوا من الجوع . مليون يمني بحاجة إلى مساعدات إنسانية وأن 18 مليوناً يعانون من انعدام الأمن الغذائي,,,Conflict
,,,,,,,,,,,,,,,
2018,4,27,,2018,4,27,,,Minutes of Agreement - Ta'iz,دقائق من الاتفاق – تعز ,English: https://www.peaceagreements.org/masterdocument/2176 Arabic: https://www.peaceagreements.org/document/3028,باللغة الإنجليزية: https://www.peaceagreements.org/masterdocument/2176 بالعربية: https://www.peaceagreements.org/document/3028,Local,Ceasefire,
,,,,,,,,,,,,,,,
2018,4,30,,2018,4,30,,,UAE takes Socotra Island,دولة الإمارات العربية المتحدة تأخذ جزيرة سقطرى,UAE take Socotra Island,تأخذ الإمارات العربية المتحدة جزيرة سقطرى,,,Political
,,,,,,,,,,,,,,,
,,,,,,,,,,,,,,,
,,,,,,,,,,,,,,,
2018,7,3,,2018,7,3,,,Arab Coalition bomb wedding,يقصف التحالف العربي حفل زفاف,Arab Coalition airstrike hits a wedding in Sadaa killing 8.,تضرب غارة جوية للتحالف العربي حفل زفاف في صعدة وتقتل 8 أشخاص.,,,Conflict
,,,,,,,,,,,,,,,
,,,,,,,,,,,,,,,
,,,,,,,,,,,,,,,
2018,7,25,,2018,7,25,,,Bab al-Mandeb shipping suspended,تعليق الشحن عبر باب المندب,Shipping suspending in Bab al-Mandeb following a Houthi attack on two Saudi National Shipping Corporation Tankers.,توقيف الشحن في باب المندب إثر هجوم الحوثيين على ناقلتين تابعتين لشركة الملاحة الوطنية السعودية.,,,Conflict
,,,,,,,,,,,,,,,
,,,,,,,,,,,,,,,
,,,,,,,,,,,,,,,
2018,8,9,,2018,8,9,,,Arab Coalition strikes school bus,يقصف التحالف العربي حافلة مدرسية,"Coalition airstrike in Sadaa hits bus killing 51, including children.",تضرب غارة جوية للتحالف العربي حافلة في صعدة تضرب وتقتل 51 شخصا بينهم أطفال.,,,Conflict
,,,,,,,,,,,,,,,
2018,9,6,,2018,9,6,,,Geneva Consultations cancelled,تم إلغاء مشاورات جنيف,"Geneva consultations were scheduled, however, the Ansar Allah (Houthi) delegation didn’t arrive as they demanded members of their group be transported to Oman for medical treatment. ",كان من المقرر إجراء مشاورات في جنيف ، ولكن وفد الحوثي لم يصل لأنهم طالبوا بنقل أعضاء مجموعتهم إلى عُمان للعلاج الطبي.,,,Political
2018,11,18,,2018,11,18,,,Rasha Jarhum addresses the UNSC regarding Women's demands  and their inclusion in the peace process,رشا جرهوم تخاطب مجلس الأمن بشأن مطالب المرأة وإدماجها في عملية السلام,irector of Peace Track Initiative and founding member of the Women Solidarity Network connecting 250 women inside and outside of Yemen., رئيسة مبادرة مسار السلام وعضوة مؤسسة في شبكة التضامن النسوي بربط 250 امرأة داخل وخارج اليمن,,,Political
2018,12,6,,2018,12,6,,,Stockholm peace talks begin,تبدأ محادثات ستوكهولم للسلام,"Talks begin in Stockholm Sweden, resulting in preliminary agreements on the situations of Taiz and Hodeidah as well as a prisoner release.",تبدأ المحادثات في ستوكهولم في السويد وأدت إلى اتفاقات مبدئية على حالات تعز والحديدة وكذلك الإفراج عن السجناء,,,Political
,,,,,,,,,,,,,,,
,,,,,,,,,,,,,,,
,,,,,,,,,,,,,,,
2018,12,13,,2018,12,13,,,Stockholm Agreement,اتفاق ستوكهولم,https://www.peaceagreements.org/masterdocument/2121,اتفاق المفاوضات التمهيدية. باللغة الإنجليزية: https://www.peaceagreements.org/masterdocument/2121,National,Prenegotiation,
,,,,,,,,,,,,,,,
,,,,,,,,,,,,,,,
,,,,,,,,,,,,,,,
2018,12,13,,2018,12,13,,,"Agreement on the City of Hodeidah and Ports of Hodeidah, Salif, and Ras Isa (Hodeidah Agreement)",اتفاق حول مدينة الحديدة موانئ الحديدة والصليف ورأس عيسى,https://www.peaceagreements.org/masterdocument/2120,اتفاق وقف إطلاق النار. باللغة الإنجليزية: https://www.peaceagreements.org/masterdocument/2120,National,Ceasefire,
,,,,,,,,,,,,,,,
,,,,,,,,,,,,,,,
,,,,,,,,,,,,,,,
2018,12,13,,2018,12,13,,,Statement of Understanding on Ta'iz,اعلان تفاهمات حول تعز,https://www.peaceagreements.org/masterdocument/2122,اتفاق المفاوضات التمهيدية. باللغة الإنجليزية: https://www.peaceagreements.org/masterdocument/2122,National,Prenegotiation,
,,,,,,,,,,,,,,,
,,,,,,,,,,,,,,,
,,,,,,,,,,,,,,,
2018,12,17,,2018,12,17,,,"Agreement for the exchange prisoners, detainees, missing persons, arbitrarily detained and forcibly disappeared persons, and those under house arrest",,https://www.peaceagreements.org/masterdocument/2123,باللغة الإنجليزية: https://www.peaceagreements.org/masterdocument/2123,National,Prenegotiation,
,,,,,,,,,,,,,,,
,,,,,,,,,,,,,,,
,,,,,,,,,,,,,,,
2018,12,18,,2018,12,18,,,Hodeidah ceasefire comes into effect,يبدأ سريان وقف إطلاق في الحديدة,"Ceasefire comes into effect for Hodeidah. On December 22, a UN task team is deployed to the city.",يبدأ سريان وقف إطلاق النار في الحديدة وفي 22 ديسمبر، يصل فريق عمل تابع للأمم المتحدة إلى المدينة,,,Conflict
,,,,,,,,,,,,,,,
,,,,,,,,,,,,,,,
,,,,,,,,,,,,,,,
2019,1,16,,2019,1,16,,,UN Security Council Resolution 2452,قرار مجلس الأمن 2452,"United Nations Mission to support the Hodeidah Agreement (UNMHA) — with an initial mandate of six months — will lead and support the Redeployment Coordination Commission tasked with overseeing the ceasefire, redeployment of forces and mine action operations",بعثة الأمم المتحدة لدعم اتفاق الحديدة (UNMHA) - بولاية لمدة 6 أشهر - ستقود وتدعم لجنة تنسيق إعادة الانتشار المكلفة بالإشراف على وقف إطلاق النار ، وإعادة نشر القوات وعمليات إزالة الألغام.,National,Ceasefire,
,,,,,,,,,,,,,,,
,,,,,,,,,,,,,,,
2019,4,14,,2019,4,14,,,Declaration of the National Alliance of Yemeni Political Parties ,إعلان التحالف الوطني للقوى السياسية اليمنية,A government-led effort to counter the Southern Transitional Council ,جهود الحكومة لمواجهة المجلس الانتقالي الجنوبي,,,Political
,,,,,,,,,,,,,,,
,,,,,,,,,,,,,,,
2019,4,15,,2019,4,15,,,"Muna Luqman, chairperson of Food4Humanity, co-founding member of the Women Solidarity Network, and partner of the Peace Track Initiative, briefs the UN Security Council today on Yemen. ",قدمت منى لقمان، رئيسة منظمة ويطعمون، وعضوة مؤسسة لشبكة التضامن النسوي، وشريكة مبادرة مسار السلام، إحاطة لمجلس الأمن عن الوضع في اليمن،,This is part of national and international efforts to include Women's voices in the peace process. ,جزء من الجهود الوطنية والدولية لإدراج أصوات النساء في عملية السلام,,,Political
,,,,,,,,,,,,,,,
2019,4,26,,2019,4,26,,,"Document of Reconciliation between areas of al-Mahariq and al-Saliyah, Sheikh Othman, Aden",وثيقة صلح بين منطقة المحاريق والسلية، الشيخ عثمان، عدن,"A ceasefire agreement to address fighting between tribal groups in areas of Aden. The agreement focuses particularly on ending violence between Muslims in the areas, in the approach to the month of Ramadan.",اتفاق لوقف إطلاق النار لأنهاء القتال بين الجماعات القبلية في مناطق عدن. تركز الاتفاقية على إنهاء العنف بين المسلمين، بذات مع اقتراب شهر رمضان.,Local,Ceasefire,
,,,,,,,,,,,,,,,
2019,4,7,,2019,4,7,,,Document of Reconciliation and Forgiveness Between the Families of the Al Awlaqi Clan ,تم توقيع وثيقة للتصالح والتسامح بين قبائل آل علي بن أحمد العوالق ,A reconciliatory agreement which addresses the historical violence and indifferences between two tribal groups of the Al Awalqi  clan. Compensation for the families of past victims is also referred to.   ,اتفاق مصالحة انهاء العنف و الاختلافات بين مجموعتين من قبيلة العوالق. وتشير الوثيقة إلى تعويضات لأسر الضحايا. ,Local,Substantive-Partial,