"Year","Month","Day","End Year","End Month","End Day","Headline","Headline Arabic","Text","Text Arabic","Agreement","Stage","Event"
1990,5,22,1990,5,22,"Unification of North (Yemen Arab Republic) and South (People's Democratic Republic of Yemen)","اتحاد الجمهورية العربية اليمنية (شمال اليمن) و جمهورية اليمن الديمقراطية الشعبية (جنوب اليمن)","North and South Yemen merge to form the Republic of Yemen. The General People's Congress led by President Ali Abdullah Saleh in the north, and the Yemeni Socialist Party led by Ali Salim al-Beidh in the South, agree to share power https://www.peaceagreements.org/masterdocument/264","دمج شمال اليمن وجنوبه لتشكيل الجمهورية اليمنية. وافق المؤتمر الشعبي العام بقيادة الرئيس علي عبد الله صالح في الشمال والحزب الاشتراكي اليمني برئاسة علي سالم البيض في الجنوب على المشاركة في السلطة_x000D_https://www.peaceagreements.org/masterdocument/264_x000D_","national","Substantive-Partial",
1990,9,1,1990,9,1,"Creation of 'al-Islah' Party (Yemeni Congregation for Reform)","إنشاء حزب الإصلاح","September: The Islah Party is founded by a loose coalition of northern Islamist and tribal elites and support from Saudi Arabia. The party consists of three wings related to elements from the Muslim Brotherhood, the Hashid Tribal Federation, and Sunni Islamists. ","سبتمبر: تم تأسيس حزب التجمع اليمني للإصلاح وهو مكون من ائتلاف واسع من النخب الإسلامية الشمالية ونخب من القبائل بدعم من المملكة العربية السعودية. يتألف الحزب من ثلاثة أجنحة وهي عناصر من الإخوان المسلمين وقبائل حاشد والسلفيين.","national","Ceasefire",
1993,4,27,1993,4,27,"First parliamentary elections in unified Yemen","أول انتخابات برلمانية في اليمن الموحد","Yemen held elections for parliament won by the GPC followed by al-Islah. The results disrupt the previous 50-50 power sharing agreement between the North and South. Islah's Abdullah bin Hussayn al-Ahmar becomes speaker of the Parliament.","جرت في اليمن انتخابات برلمانية فاز بها المؤتمر الشعبي العام و بالاغلبیة ثم الاصلاح. الانتخابات عطلت اتفاق المشاركة السابق الذي اعطى 50% للشمال و50% للجنوب. علي عبد الله صالح أصبح رئيساً وعين علي سالم البيض نائباً للرئيس وأصبح عبد الله بن حسين الأحمر من قادة الاصلاح رئيساً لمجلس النواب.",,,"conflict"
1993,8,1,1993,8,1,"Vice President al-Beidh leaves the capital, Sanaa, in protest","نائب الرئيس البيض ينسحب من العاصمة صنعاء احتجاجا","August: al-Beidh withdraws to Aden protesting political marginalization and violence by northerners directed towards the YSP.","أغسطس: انسحاب البيض إلى عدن احتجاجًا على التهميش السياسي والعنف من قبل الشماليين ضد الحزب الاشتراكي اليمني.",,,"political"
1994,1,18,1994,1,18,"The Document of Pledge and Accord: https://al-bab.com/document-pledge-and-accord-1994","وثيقة العهد و الاتفاق","The signing of the agreement in Jordan to settle the political crisis between Yemeni President  Saleh and his deputy Ali Salem al-Beidh","توقيع الاتفاقية في الأردن لتسوية الأزمة السياسية بين الرئيس اليمني علي عبد الله صالح ونائبه علي سالم البيض. https://al-bab.com/document-pledge-and-accord-1994","local","Substantive-Partial",
1994,4,27,1994,4,27,"North-south civil war begins","بداية الحرب الأهلية بين الشمال والجنوب","A tank battle breaks out in Amran, north of the capital Sanaa, marking the beginning of the 1994 civil war. President Ali Abdullah Saleh declares a state of emergency.","معركة دبابات تندلع في عمران، شمال العاصمة صنعاء، وتبدأ الحرب الأهلية عام 1994. يعلن الرئيس علي عبد الله صالح حالة الطوارئ.",,,"political"
1994,5,21,1994,5,21,"YSP officials declare the secession of the South","مسؤولون في الحزب الاشتراكي اليمني يعلنون انفصال الجنوب","The Democratic Republic of Yemen was not recognized by any other government. Southerners are supported by Saudi Arabia which deemed a united Yemen as a threat.","لم تعترف أي دولة اخرى بجمهورية اليمن الديمقراطية وقامت المملكة العربية السعودية التي تعتبر اليمن الموحد تهديدا بدعم الجنوبيين",,,"political"
1994,6,30,1994,6,30,"Agreement on a Ceasefire in the Republic of Yemen mediated by Moscoü","اتفاق لوقف إطلاق النار في الجمهورية اليمنية برعاية موسكو","English: A ceasefire is negotiated and Aden is captured shortly after (07/07/1994), ending the North-South Yemeni civil war. In its aftermath, the victors rewards loyalists with land and jobs resulting in the disenfranchisement of Southern civil and military officials https://www.peaceagreements.org/masterdocument/250","باللغة الإنجليزية:_x000D_https://www.peaceagreements.org/masterdocument/250_x000D_","local","Ceasefire",
1994,7,7,1994,7,7,"Aden captured by northern forces","السيطرة على عدن","Aden is captured and a ceasefire negotiated ending the North-South Yemeni civil war. In its aftermath, the victors rewards loyalists with land and jobs resulting in the disenfranchisement of Southern civil and military officials. https://www.peaceagreements.org/masterdocument/250","تم السيطرة على عدن والتفاوض لوقف إطلاق النار من أجل إنهاء الحرب الأهلية بين الشمال والجنوب. وفي أعقاب ذلك، يكافئ المنتصرون الموالين لهم بالأرض والوظائف مما يؤدي إلى حرمان المسؤولين المدنيين والعسكريين الجنوبيين من حقوقهم. https://www.peaceagreements.org/masterdocument/250_x000D__x000D_",,,"political"
1996,10,3,1996,10,3,"Beginning of an arbitration agreement between Yemen and Eritrea","بداية اتفاق التحكيم بين اليمن وإريتريا","Yemen and Eritrea enter a phase of arbitration from 1996-1998 to settle disputes over territorial islands","اليمن وإريتريا يدخلان مرحلة التحكيم من 1996-1998 لتسوية النزاعات على الجزر الإقليمية","local","Implementation",
1996,8,1,1996,8,1,"Creation of the Women National Committee: Ministries' Council through act No. 97 in August 1996","إنشاء اللجنة الوطنية للمرأة: قرار مجلس الوزراء رقم 97 اغسطس 1996","A government-affiliated body working to empower women based on the outcomes of the Beijing Conference in 1995 and CEDAW convention to safeguard women’s inclusion and rights. Augmented to the Women's Supreme Council in 2000 to insure every governmental institution is inclusive of women. ","هي الهيئة الحكومية التي لديها الية العمل لتمكين المرأة. تم إنشاء هذه اللجنة في عام ١٩٩٦ و تضاف إلى المجلس الأعلى للمرأة في عام 2000 لضمان ضم المرأة في كل مؤسسة حكوميةلقرارات منهاج عمل بيجين )١٩٩٥ ،)وهي مسؤولة عن اإلبالغ عن تقدم اليمن المحرز على مسار اتفاقية ""سيداو""، والمطالبة بالتغييرات التشريعية والتنظيمية ","national","Implementation",
2000,6,12,2000,6,12,"Yemen and Saudi Arabia sign border agreement in Jeddah (Jeddah Treaty)","اليمن والسعودية يوقعان اتفاقية للحدود في جدة (اتفاقية جدة)","The agreement resolves the border issue https://www.peaceagreements.org/masterdocument/408","تحل الاتفاقية قضية الحدود https://www.peaceagreements.org/masterdocument/408","local","Implementation",
2000,10,4,2000,10,4,"Bombing of USS Cole","قصف السفينة الحربية الأمريكية كول","A US warship, the USS Cole, is attacked by AQAP in Aden, killing 17 US personnel.","سفينة حربية أمريكية ، يو إس إس كول ، تتعرض للهجوم من قبل القاعدة في خليج عدن ، مما أسفر عن مقتل 17 جندي أمريكي.",,,"conflict"
2001,2,1,2001,2,1,"Violence breaks out before referendum vote","ينفجر العنف قبل التصويت على الاستفتاء","February 2001: Violence breaks out before a referendum and municipal polls extending the term and powers of the presidential office.","فبراير 2001: اندلعت أعمال العنف قبل إجراء الاستفتاء والاستطلاعات البلدية لتمديد فترة وصلاحيات مكتب الرئاسة.",,,"conflict"
2007,7,7,2007,7,7,"Southern movement begins calling for independence","بداء الحراك الجنوبي لمطالبة الانفصال ","Began by peaceful calls to reinstate southern army personnel and to provide the same rights of marginalized southerners to their counterpart northerners","بدأ بكيان جمعية المتقاعدين العسكريين والأمنيين المسرحين من عملهم، وطالب الحراك الجنوبي النظام الحاكم بالمساوة وإعادة المسرحين العكسريين والمدنيين",,,"conflict"
2010,2,12,2010,2,12,"Six-Point Government of Yemen-Houthi Ceasefire Agreement","اتفاق من ست نقاط لوقف إطلاق النار بين الحكومة اليمنية والحوثي","English:  https://www.peaceagreements.org/masterdocument/1434","باللغة الإنجليزية:_x000D_https://www.peaceagreements.org/masterdocument/1434_x000D_","national","Ceasefire",
2004,6,1,2004,9,30,"First round of Sadah war","الجولة الأولى من حرب صعدة","June- September 2004: A police operation by the Yemeni government against Hussayn al-Houthi, a former Member of Parliament and a Zaydi youth activist, ignites the first round of fighting between the government and what becomes known as the Houthi  movement. On September 10, Hussayn al-Houthi is killed. His father, Badr al-Din al-Houthi takes over as head of the Houthi movement.","يونيو - سبتمبر 2004: عملية أمنية للحكومة اليمنية ضد حسين الحوثي، عضو سابق في البرلمان وناشط شبابي زيدي، يشعل الجولة الأولى من القتال بين الحكومة وما يعرف باسم حركة الحوثي. في 10 سبتمبر، قتل حسين الحوثي وتولى والده بدر الدين الحوثي رئاسة الحركة الحوثية.",,,"conflict"
2005,1,1,2005,1,1,"Creation of the JMP","إنشاء أحزاب اللقاء المشترك","2005: The Joint Meeting Parties (JMP) is established as a coalition opposition group to the GPC. The largest member of the JMP was Islah, followed by the YSP, and Popular Force, the Nasserist party, and al-Haqq (a Zaydi party).","2005: تم تأسيس أطراف اللقاء المشترك كمجموعة ائتلافية معارضة للمؤتمر الشعبي العام. أكبر عضو في أحزاب اللقاء المشترك هو الإصلاح ويليه الحزب الاشتراكي اليمني، والقوى الشعبية والحزب الناصري وحزب الحق   (حزب زيدي).",,,"political"
2005,3,1,2005,6,23,"Second round of  Sadaa war","الجولة الثانية من حرب صعدة","March-June 23, 2005: Second round of fighting breaks out between the Houthis and Yemeni government in which more than 200 are killed. Fighting ended after tribal mediators negotiated a deal.","مارس - 23 يونيو 2005: تفجرت الجولة الثانية من القتال بين الحوثيين والحكومة اليمنية حيث قتل أكثر من 200 شخص. انتهى القتال بعد أن تفاوض وسطاء قبليون على اتفاق.",,,"political"
2005,11,1,2006,3,31,"Third round of  Sadaa war","الجولة الثالثة من حرب صعدة","November 2005-March 2006: Third round of conflict breaks out between the Houthis and opposing tribes.","نوفمبر 2005 - مارس 2006: اندلاع الجولة الثالثة من النزاع بين الحوثيين والقبائل المعارضة.",,,"conflict"
2007,5,1,2007,5,1,"Protests in South Yemen mark emergence of Southern Movement","الاحتجاجات في الجنوب تمثل ظهور الحركة الجنوبية","May 2007: Former-Southern military and civil officials fired in the aftermath of the 1994 civil war protest their lack of employment, Southern political marginalization and other injustices. Heavy-handedness by security forces burgeons support for the protestors and consolidates what will eventually become the Southern Movement.","مايو 2007: مسؤولون عسكريون ومدنيون سابقون في الجنوب سرحوا في أعقاب الحرب الأهلية عام 1994 احتجوا على تسريحهم والتهميش السياسي للجنوب وغير ذلك من المظالم.  الرد القاسي من قبل قوات الأمن زاد الدعم للمتظاهرين وعزز ما سيصبح الحراك الجنوبي.",,,"conflict"
2007,1,28,2007,6,16,"Fourth round of  Sadaa war  begins ","الجولة الرابعة من حرب صعدة","January 28-June 16, 2007: Fourth round of conflict erupts after Houthi fighters attack Yemeni government outposts. ","28 يناير - 16 يونيو 2007: اندلاع الجولة الرابعة من النزاع بعد أن هاجم المقاتلون الحوثيون على نقاط للحكومة اليمنية._x000D_https://www.peaceagreements.org/masterdocument/1433_x000D_",,,"conflict"
2007,6,16,2007,6,16,"The document of controls and issues of dialogue","وثيقة قضايا وضوابط الحوار يونيو 2007","Secretaries-General of the political parties represented in the Yemeni parliament signed  a document defining issues controls and guarantees of dialogue ","وقعت الأحزاب المشاركة في البرلمان اتفاقية لتحديد قضايا الضوابط وضمانات الحوار","national","Ceasefire",
2008,2,1,2008,2,1,"Saada war ends with the Doha Agreement","انتهاء حرب صعدة باتفاقية الدوحة","Qatar mediates a ceasefire and Houthi leaders go into exile. _x000D__x000D_English: https://www.peaceagreements.org/masterdocument/1433_x000D_","توسطت قطر لوقف إطلاق النار _x000D_ويذهب زعماء الحوثي إلى المنفى_x000D__x000D_باللغة الإنجليزية:_x000D_https://www.peaceagreements.org/masterdocument/1433_x000D_","local","Ceasefire",
2008,4,29,2008,7,17,"Fifth round of Sadaa war","الجولة الخامسة من حرب صعدة","April 29-July 17, 2008: The fifth round of fighting between the Houthis and the Yemeni government in Sadaa begins.","من 29 أبريل إلى 17 يوليو 2008: بدء الجولة الخامسة من القتال في صعدة بين الحوثيين والحكومة اليمنية. ",,,"conflict"
2009,8,1,2009,8,1,"Sixth round of Sadaa war","الجولة السادسة من حرب صعدة","August 2009-February 2010: The Yemeni government launches an offensive against the Houthis, displacing tens of thousands. Saudi Arabia and the US intervene against the Houthis, and fighting spreads across the Saudi border.","أغسطس 2009 – فبراير 2010: شنت الحكومة اليمنية هجوماً ضد الحوثيين، مما أدى إلى تشريد عشرات الآلاف. تتدخل المملكة العربية السعودية والولايات المتحدة ضد الحوثيين، وينتشر القتال عبر الحدود مع السعودية.",,,"political"
2010,6,2,2010,6,2,"National Salvation Document","وثيقة الانقاذ الوطني","Provided solutions and plans to reform  the establishment of the state and its institutions, including finding solutios to the southern issue and address the causes of the war in Saada and other political crises. Signed by GPC, Islah, YSP, Nasserist, and Baathist parties.","قدمت الحلول والمعالجات لها و خطط الانتقال إلى تأسيس الدولة و مؤسساتها ، وتتضمن هذه المعالجات تحقيق الحل العادل للقضية الجنوبية ومعالجة أسباب حرب صعده وبقية الازمات. وقع عليها حزب المؤتمر، الاصلاح، الاشتراكي، الناصري و البعثي ","national","Ceasefire",
2010,7,1,2010,7,1,"Continuation of violence in Sadaa and surrounding governorates","استمرار العنف في صعدة والمحافظات المحيطة بها","July 2010: Clashes occur between the Houthis and tribes in Sufyan which continue into November.","يوليو 2010: تقع اشتباكات بين الحوثيين والقبائل في حرف سفيان تستمر حتى شهر نوفمبر.",,,"conflict"
2011,1,27,2011,1,27,"Protests break out against President Saleh (Yemeni Arab Spring)","الاحتجاجات تندلع ضد الرئيس صالح (الربيع العربي اليمني)","January-February: Protests break out against the long-term rule of President Saleh. Protestors include unemployed youth, opposition parties (particularly Islah) as well as regional actors such as the Houthis and the Southern Movement. The 27th marked the largest rally against Saleh, with over 20,000 protestors.","فبراير: الاحتجاجات تندلع ضد الحكم الطويل للرئيس صالح. ومن بين المتظاهرين الشباب العاطل عن العمل وأحزاب المعارضة (ولا سيما الإصلاح) وكذلك الجهات الفاعلة المحلية مثل الحوثيين والحراك الجنوبي. 27 يناير يعتبر اكبر مظاهرة في بداية الربيع العربي اليمني. ",,,"conflict"
2011,1,29,2011,1,29,"Yemeni women begin to play a leading and dynamic role in protests","تبدأ المرأة اليمنية في لعب دور قيادي وديناميكي في الاحتجاجات","Women activists begin their calls for inclusion, setting a marriage age, ending maternal mortality and illiteracy. Women were beaten by Islah members for joining their fellow men.  ","بدأ الناشطات دعواتهن للإدماج وتحديد سن الزواج وإنهاء وفيات الأمهات والأمية. تعرض النساء للضرب على أيدي عناصر من حزب الإصلاح بسبب انضمامهم إلى إخوانهم الرجال",,,"conflict"
2011,2,16,2011,2,16,"Protests in Aden violently supressed by security forces ","الاحتجاجات في عدن قمعت بعنف من قبل قوات الأمن","Southerners joined their fellow northerners in the Arab spring goals where abondoning secessions seemed possible. Violence continued until February 25th. ","انضم الجنوبيون إلى الشماليين في أهداف الربيع العربي حيث فكرة التخلي عن الانفصال اصبحت ممكنة. استمر العنف حتى 25 فبراير.",,,"political"
2011,3,18,2011,3,18,"Massacre of protestors in Sanaa (Friday of Dignity)","مذبحة المتظاهرين في صنعاء (جمعة الكرامة","Snipers open fire on protestors in Sanaa killing 50. The incident sparks mass disapproval of government action and former loyalists including government officials begin to defect. Islah party members, including Hamid al-Ahmar and Ali Mohsen al-Ahmar (not related) mobilise loyal fighters from the Hashid tribal federation and the First Armored Division and deploy them to Sanaa under the auspices of protecting protestors.","قناصين اطلقوا النار على المتظاهرين في صنعاء وقتل 50منهم. هذا الحادث اثار استياء جماهيري من عمال الحكومة وموالين سابقين بما في ذلك مسؤولون حكوميون بدأوا ينشقون. قام أعضاء حزب الإصلاح، بمن فيهم حميد الأحمر وعلي محسن الأحمر (ليس هناك صلة قرابة بينهم) بتعبئة المقاتلين المخلصين من قبائل حاشد والفرقة الأولى مدرع ونشرهم في صنعاء تحت ذريعة حماية المتظاهرين.",,,"political"
2011,4,21,2011,4,21,"GCC-led Initative","مبادرة دول مجلس التعاون الخليجي","In an attempt to stabilize the situation, the Gulf Cooperation Council (GCC) intervenes with support from United Nation (UN) Secretary-Generals Special Envoy to Yemen, Jamal Benomar, to mediate a solution to the crisis. The first iteration of the GCC Initiative is announced on April 23, but not signed until November 23, 2011. However, President Saleh refused to agree to the proposal. Meanwhile, the city of Sanaa is divided between pro-Saleh and opposition forces that have set up checkpoints. https://www.peaceagreements.org/masterdocument/1401","في محاولة لتهدئة الوضع تدخل مجلس التعاون الخليجي بدعم من المبعوث الخاص للأمين العام للأمم المتحدة إلى اليمن جمال بنعمر للتوسط لحل الأزمة وتم الإعلان عن أول مسودة لمبادرة مجلس التعاون الخليجي في 23 أبريلhttps://www.peaceagreements.org/masterdocument/1401_x000D_ ومع ذلك، رفض الرئيس صالح الموافقة على الاقتراح وفي الوقت نفسه بدأت مدينة صنعاء تنقسم بين القوات الموالية لصالح والقوى المعارضة التي أقامت نقاط تفتيش. https://www.peaceagreements.org/masterdocument/1401_x000D_",,,"conflict"
2011,5,27,2011,5,27,"AQAP captures Zinjibar","تنظيم القاعدة في شبه الجزيرة العربية يستولي على زنجبار","The re-call of troops to Sanaa creates a security vacuum elsewhere in Yemen. Al-Qaeda in the Arabian Peninsula (AQAP) takes control of the town of Zinjibar in Abyan governorate.","استدعاء القوات العسكرية إلى صنعاء يخلق فراغًا أمنيًا في أماكن أخرى في اليمن وتنظيم القاعدة في شبه الجزيرة العربية يسيطر على زنجبار في محافظة أبين.",,,"conflict"
2011,5,23,2011,5,23,"Battle of Sana'a, 2011","Saleh's Republican Guard and Internal Security forces clash with Hashid tribe (Al-Ahmar tribe) and the First Armored Brigade (Ali Mohsen Al-Ahmar's Brigade@ in Sana'a ",,"اشتبكت قوات الحرس الجمهوري والأمن المركزي التابعة لصالح مع قبيلة حاشد (بيت الاحمر) واللواء اول مدرع (فرقة علي محسن الاحمر) في صنعاء",,,"conflict"
2011,5,28,2011,5,28,"Battle of Taiz, 2011","معركة تعز 2011 ","Security forces began to violently clear protest squares, which led to tribal and defectors to stand up against the crackdown. Continued until June 7th. ","بدأت قوات الأمن إزالة الساحات الاحتجاجية بعنف، و أدى إلى وقوف القبائل والمحتجين ضد القوات الحكومية. استمرت الاشتباكات ليوم 7 يونيو",,,"conflict"
2011,6,7,2011,6,7,"Attempted assassination of President Saleh","محاولة اغتيال الرئيس صالح","President Saleh is wounded in attempted assassination. Vice President Abd Rabbu Mansour Hadi takes over as acting President while Saleh receives medical treatment in Riyadh.","أصيب الرئيس صالح في محاولة اغتيال وتولى نائب الرئيس عبد ربه منصور هادي منصب القائم بأعمال الرئيس في حين يتلقى صالح العلاج في الرياض.",,,"conflict"
2011,9,12,2011,9,12,"Presidential Decree No. (24) FY 2011","قرار رئاسي رقم (24) لسنة 2011","Saleh hands over executive powers to VP HadiEnglish:  https://www.peaceagreements.org/masterdocument/1402","قرار جمهوري بتكليف نائب علي عبد الله صالح باستلام السلطة التنفيذية. باللغة الإنجليزية: https://www.peaceagreements.org/masterdocument/1402","national","Substantive-Partial",
2011,11,23,2011,11,23,"Signing of GCC Initiative in Riyadh","التوقيع على مبادرة مجلس التعاون الخليجي","Agreement on the Implementation Mechanism for the Transition Process in Yemen in Accordance with the Initiative of the Gulf Cooperation Council. President Saleh signs the Implementation Mechanism of the GCC Initiative transferring power to Vice President Hadi. One women representative from the GPC attended: Minister Amatalrazaq Ali Humad. https://www.peaceagreements.org/masterdocument/758","الرئيس صالح يوقع الآلية التنفيذية للمبادرة الخليجية لنقل السلطة إلى نائبه هادي. حضرة ممثلة واحدة من النساء من المؤتمر الشعبي العام: الوزيرة امة الرزاق علي حمد https://www.peaceagreements.org/masterdocument/758","national","Substantive-Partial",
2011,11,23,2011,11,23,"Agreement on the Implementation Mechanism for the Transition Process in Yemen in Accordance with the Initiative of the Gulf Cooperation Council (GCC Implementation Mechanism)","اتفاقية الآلية التنفيذية للعملية الانتقالية في اليمن وفقاً لمبادرة مجلس التعاون الخليجي","English: https://www.peaceagreements.org/masterdocument/758","باللغة الإنجليزية: https://www.peaceagreements.org/masterdocument/758_x000D_","local","Substantive-Partial",
2011,11,23,2011,11,23,"Agreement/Gulf Cooperation Council (GCC) Initiative","الاتفاقية / مبادرة مجلس التعاون الخليجي","English: https://www.peaceagreements.org/masterdocument/1401","باللغة الإنجليزية:_x000D_ https: //www.peaceagreements.org/masterdocument/1401_x000D_","national","Substantive-Partial",
2011,12,7,2011,12,7,"Decree No. (184) for the year 2011, to Form a Government of National Reconciliation","قرار رقم (184) لسنة 2011 بتشكيل حكومة المصالحة الوطنية","English:  https://www.peaceagreements.org/masterdocument/1399"," باللغة الإنجليزية:_x000D_https: //www.peaceagreements.org/masterdocument/1399_x000D_","national","Implementation",
2011,12,10,2011,12,10,"Tawaakol Karman receives Nobel Peace Prize ","توكل كرمان تستلم جائزة نوبل للسلام","Karman is the only Arab and youngest ever to win the peace prize. She received it for leading peaceful demonstrations for democracy and for a better future for women. ","كرمان هي العربية الوحيدة والأصغر سناً التي تفوز بجائزة السلام. تلقتها لقيادة المظاهرات السلمية من أجل الديمقراطية ومن أجل مستقبل أفضل للمرأة.",,,"political"
2012,2,25,2012,2,25,"Vice President Hadi is elected President","انتخاب نائب الرئيس هادي كرئيس","Vice President Hadi is elected as President with no competitors. Saleh remains head of the ruling GPC party.","انتخاب نائب الرئيس هادي كرئيس بدون منافسين ويبقى صالح رئيس حزب المؤتمر الشعبي العام الحاكم.",,,"political"
2012,2,1,2012,6,1,"Violence in Sadaa and surrounding governorates intensifies","تصاعد العنف في صعدة والمحافظات المحيطة بها","February-June: Violence between Houthi fighters and tribal militias intensifies in regions surrounding Sadaa governorate including Hajjah and Amran governorates.","فبراير إلى يونيو: تصاعد العنف بين المقاتلين الحوثيين والقبائل في المناطق المحيطة بمحافظة صعدة بما في ذلك محافظتي حجة وعمران.",,,"political"
2012,3,1,2012,3,1,"Hadi implements aspects of Security Sector Reform","هادي ينفذ جوانب من إصلاح قطاع الأمن","April: President Hadi fires  senior military officers appointed by former President Saleh.","أبريل: الرئيس هادي يقيل قادة عسكرية كبيرة عينهم الرئيس السابق صالح.",,,"political"
2012,6,12,2012,6,12,"Zinjibar re-captured from AQAP","استعادة زنجبار من القاعدة في شبه الجزيرة العربية","June: Yemeni army re-takes Zinjibar from AQAP with support from local militias known as Popular Committees.","يونيو: الجيش اليمني يستعيد زنجبار من القاعدة في شبه الجزيرة العربية بدعم من مليشيات محلية معروفة باللجان الشعبية.",,,"conflict"
2012,8,1,2012,8,1,"Republican Guard is targeted for SSR","تستهدف الإصلاحات الأمنية الحرس الجمهوري","President Hadi announces restructuring of the Republican Guard, an elite unit under the command of Saleh's son, Ahmed Ali Saleh.","الرئيس هادي يعلن إعادة هيكلة الحرس الجمهوري، وحدة عسكرية خاصة تحت قيادة نجل صالح، أحمد علي صالح.",,,"political"
2012,9,15,2012,9,15,"Houthis organise protests in Sanaa","ينظم الحوثيون احتجاجات في صنعاء","September: Houthis, increasingly known as Ansar Allah, organise protests in Sanaa against the US film 'Innocence of Muslims' consolidating their support in the city.","سبتمبر: ينظم الحوثيون، المعروفون بأنصار الله، احتجاجات في صنعاء ضد الفيلم الأمريكي ""براءة المسلمين"" الأمر الذي يوطد الدعم لهم في المدينة.",,,"political"
2013,3,18,2013,3,18,"National Dialogue Conference begins","يبدأ مؤتمر الحوار الوطني","The National Dialogue Conference (NDC) begins as part of the GCC Initiative gathering 565 delegates from across Yemen's political spectrum and establishing 9 working groups looking at the country's most pressing issues. Women representation as chairs, co chairs, and ministers reached 29%","يبدأ مؤتمر الحوار الوطني في إطار مبادرة مجلس التعاون الخليجي ويضم مؤتمر الحوار 565 مندوبا من مختلف الأطياف السياسية في اليمن وتنشأ 9 مجموعات عمل تبحث في القضايا الأكثر إلحاحا في البلاد. بلغت نسبة تمثيل النساء كرئساء اللجان، نائبات اللجان المشاركة، ومسؤولين حكوميين بنسبة 29 ٪.",,,"political"
2013,4,10,2013,4,10,"Hadi removes senior figures from strategic military commands","يقيل هادي شخصيات بارزة من قيادة وحدات عسكرية استراتيجية","Hadi removes Ahmed Saleh and Ali Mohsin al-Ahmar as commanders of the Republican Guard and First Armoured Division, respectively, 'promoting' them to diplomatic and advisory positions.","يقيل هادي أحمد صالح قائد الحرس الجمهوري وعلي محسن الأحمر قائد الفرقة الأولى مدرع ""ويرقيهم"" إلى مناصب دبلوماسية واستشارية.",,,"conflict"
2013,8,25,2013,8,25,"Southern representatives boycott NDC","القادة الجنوبيون يقاطعون مؤتمر الحوار الوطني","June-July: Southern Movement leader Ahmed bin Farid withdraws from NDC on April 25. Other Southern leaders temporarily withdraw in June and return in July after a fist-fight broke out in the NDC's Southern Issue Working Group. Final boycott at the end of August.","يونيو إلى يوليو: ينسحب زعيم الحركة الجنوبية أحمد بن فريد من مؤتمر الحوار الوطني في 25 أبريل. وقام قادة جنوبيون آخرون بالانسحاب مؤقتًا في يونيو وعادوا في يوليو بعد اشتباكات بالأيدي في مجموعة عمل القضية الجنوبية في مؤتمر الحوار الوطني. انسحاب كامل في اخر اغسطس",,,"political"
2013,9,1,2013,9,1,"NDC is extended for 6 months","تمديد مؤتمر الحوار الوطني لستة أشهر أخرى","NDC extended for 6 months.","يمدد مؤتمر الحوار الوطني لستة أشهر",,,"political"
2013,11,28,2013,11,28,"Important southern figures withdraw from NDC","تنسحب شخصيات جنوبية مهمة من مؤتمر الحوار الوطني","Southern representative, Muhammad Ali Ahmed, withdraws from NDC citing a 'dead end'.","ينسحب أحد ممثلي الجنوب محمد علي أحمد من مؤتمر الحوار الوطني مشيرا إلى وصول المؤتمر إلى طريق مسدود.",,,"conflict"
2013,12,20,2013,12,20,"Killing of Hamdrami Sheikh at checkpoint in Seyoun","مقتل شيخ حضرمي في نقطة امنية","Hadrami Shiekh, Said bin Hamad, killed by Yemeni armed forces at a checkpoint in Sayoun, Hadramawt. Hadramawt Tribal Confederation demand the responsibility for local security be handed over to local militias.","يقتل الشيخ الحضرمي سعيد بن حمد على يد القوات المسلحة اليمنية عند نقطة تفتيش في سيئون بحضرموت ويطالب حلف قبائل حضرموت بتسليم المسؤولية عن الأمن المحلي إلى مليشيات محلية.",,,"political"
2013,12,23,2013,12,23,"Agreement on a just solution issued by NDC Southern Working Group","اتفاق لحل عادل صادر عن مجموعة القضية الجنوبية في مؤتمر الحوار الوطني","December 23: NDC's Southern Working Group issues the Agreement on a Just Solution to the Southern Question, where the members, including a Houthi representative, agreed that Yemen would become a federal state. http://constitutionnet.org/sites/default/files/140118_agreement_on_the_southern_question_en_final.pdf","23 ديسمبر: يصدر فريق القضية الجنوبية في مؤتمر الحوار الوطني الحل العادل للقضية الجنوبية، حيث اتفق الأعضاء، بمن فيهم ممثل الحوثي، على أن تصبح اليمن دولة اتحادية. http://www.ndc.ye/ndcdoc/Southern_Question.pdf ",,,"political"
2014,1,6,2014,1,6,"Ceasefire between Dar al-Hadith and Houthis after 6 months of violence","وقف إطلاق النار بين دار الحديث والحوثيين بعد ستة أشهر من القتال","A ceasefire is mediated by the Hadi government, ending 6 months of fighting between Ansar Allah (the Houthis) and Salafist students at the Dar al-Hadith Madrassa in Dammaj. 300 students are evacuated and the Madrassa destroyed.","توسطت حكومة هادي لوقف إطلاق النار منهيةً ستة أشهر من القتال بين أنصار الله (الحوثيين) والطلاب السلفيين في دار الحديث في دماج وتم إجلاء 300 طالب وتدمير المدرسة.",,,"conflict"
2014,1,6,2014,1,6,"Ceasefire between Salafists and Houthis in Dammaj",,"https://www.peaceagreements.org/masterdocument/2004 ","https://www.peaceagreements.org/document/2655 ","local","Ceasefire",
2014,1,11,2014,1,11,"Letter to Presidential Mediation Council on Terms of Ceasefire from Sheikh al-Hajuri",,"https://www.peaceagreements.org/masterdocument/2063 ","https://www.peaceagreements.org/document/2821","national","Ceasefire",
2014,1,25,2014,1,25,"NDC issues Outcomes Document ending the proceedings","ينتهي مؤتمر الحوار الوطني بإصداره وثيقة مخرجات الحوار الوطني ","NDC ends and issues the NDC Outcomes Document containing 1,800 points designed to guide the drafting of the new Yemeni constitution. English:  https://www.peaceagreements.org/masterdocument/1400 Arabic:  https://www.peaceagreements.org/document/1258","بتوزيع وإصدار وثيقة مؤتمر الحوار الوطني الشامل التي تحتوي على 1،800 نقطة تهدف إلى توجيه صياغة الدستور اليمني الجديد. _x000D_باللغة الإنجليزية: https://www.peaceagreements.org/masterdocument/1400_x000D_باللغة العربية: https://www.peaceagreements.org/document/1258 _x000D_","local","Substantive-Partial",
2014,10,24,2014,10,24,"Ajmar Agreement",,"Ceasefire Agreement",,"national","Ceasefire",
2014,2,10,2014,2,10,"Final Decision on the delimitation of the Federal Regions","القرار النهائي بشأن ترسيم حدود الأقاليم الاتحادية","The Regional Delimitation Committee issues its decision to restructure Yemen into 6 regions containing the 21 governorates. English:  https://www.peaceagreements.org/masterdocument/1508 Arabic:  https://www.peaceagreements.org/document/1257","تصدر لجنة رسم الحدود الإقليمية قرارها بإعادة هيكلة اليمن إلى 6 أقاليم تحتوي على 21 محافظة. الإنجليزية: https://www.peaceagreements.org/masterdocument/1508 _x000D_بالعربية:_x000D_ https://www.peaceagreements.org/document/1257_x000D_","local","Implementation",
2014,3,8,2014,3,8,"Constitutional Drafting Committee formed","تشكل لجنة صياغة الدستور ","Hadi announces formation of the 17-member Constitutional Drafting Committee.","يعلن هادي بتشكيل لجنة صياغة الدستور المشكلة من 17 عضوا",,,"conflict"
2014,9,21,2014,9,21,"Houthis capture Sanaa","استيلاء الحوثيون على صنعاء","Houthis, with the Help of Saleh, take control of Sanaa, following weeks of protest against the lifting of subsidies. The UN steps in to mediate an agreement on the formation of new interim government led by Hadi, but with additional powers allocated to the Houthis and the Southern Movement. https://www.peaceagreements.org/masterdocument/798","يسيطر الحوثيون بمساعدة صالح على صنعاء بعد أسابيع من الاحتجاجات ضد رفع الدعم عن بعض السلع وتتدخل الأمم المتحدة للتوسط في التوصل إلى اتفاق حول تشكيل حكومة مؤقتة جديدة بقيادة هادي ولكن مع صلاحيات إضافية للحوثيين والحراك الجنوبي. https://www.peaceagreements.org/masterdocument/798",,,"political"
2014,5,2,2014,5,2,"Agreement between Al-Awlaqi Tribe and Al-Qaeda","اتفاقية بين قبيلة العوالق والقاعدة","English:  https://www.peaceagreements.org/masterdocument/1597 ","https://www.peaceagreements.org/document/1400","national","Ceasefire",
2014,6,26,2014,6,26,"Agreement between Ansar Allah and Salafists from the Dar Al-Hadith","اتفاقية بين أنصار الله والسلفيين من دار الحديث","English: https://www.peaceagreements.org/masterdocument/1883 "," https://www.peaceagreements.org/document/2491","local","Prenegotiation",
2014,9,21,2014,9,21,"The Peace and National Partnership Agreement","اتفاقية السلم والشراكة الوطنية","Houthis take control of Sanaa, following weeks of protest. The UN steps in to mediate an agreement on the formation of new interim government led by Hadi, but with additional powers allocated to the Houthis and the Southern Movement. The Peace and National Partnership Agreement English:  https://www.peaceagreements.org/masterdocument/798","سيطر الحوثيون على صنعاء بعد أسابيع من الاحتجاجات وتتدخل الأمم المتحدة للتوسط في التوصل إلى اتفاق حول تشكيل حكومة مؤقتة جديدة بقيادة هادي ولكن مع صلاحيات إضافية للحوثيين والحراك الجنوبي.   اتفاق السلم والشراكة الوطني بالإنجليزي:  https://www.peaceagreements.org/masterdocument/798","local","Substantive-Partial",
2014,24,10,2014,24,10,"Agreement to Cease Fire between the Tihama Movement in Harah al-Yemen and Ansar Allah",,"https://www.peaceagreements.org/masterdocument/2006  ","https://www.peaceagreements.org/document/2660 ","local","Ceasefire",
2014,10,1,2014,10,7,"Houthis reject the appointment of Ahmed Bin Mubarak as Chief of Staff for the president.","الحوثيون يرفضون تعيين أحمد بن مبارك رئيسا للأركان","Hadi's Chief of Staff, Ahmed Awad bin Mubarak is detained by the Houthis in a disagreement to the draft constitution. He is released ten days later.","يحتجز أحمد عوض بن مبارك مدير مكتب الرئيس هادي من قبل الحوثيين في خلاف على مسودة الدستور وتم إطلاق سراحه بعد عشرة أيام.",,,"conflict"
2014,11,7,2014,11,7,"UN announces sanctions on former President Saleh","الأمم المتحدة تعلن فرض عقوبات على الرئيس السابق صالح","UN place sanctions and travel-ban on former-President Saleh after it becomes apparent that he was supporting the Houthis in de-railing the transition.","تفرض الأمم المتحدة عقوبات وحظر سفر على الرئيس السابق صالح بعد أن أصبح واضحاً أنه يدعم الحوثيين في عرقلة الانتقال السياسي.",,,"conflict"
2014,11,25,2014,11,25,"Agreement between Ubaidah Tribes and Ansar Allah","اتفاقية بين قبائل عبيدة وأنصار الله","English:  https://www.peaceagreements.org/masterdocument/1676","https://www.peaceagreements.org/document/2304","national","Substantive-Partial",
2015,1,22,2015,1,22,"President Hadi and PM Khaled Bahah resign","يستقيل الرئيس هادي و رئيس الوزراء خالد بحاح","An agreement is negotiated between the Houthis and the Hadi government to end the political and military stand-off, but quickly fails. Hadi resigns as President with his PM. Hadi and Bahah are placed under House arrest.","يتم التفاوض على اتفاق بين الحوثيين وحكومة هادي لإنهاء المواجهة السياسية والعسكرية ولكن سرعان ما يفشل الاتفاق وهادي يستقيل من الرئاسة مع رئيس الوزراء. تم وضع هادي و بحاح تحت الاقامة الجبرية",,,"political"
2015,2,6,2015,2,6,"Houthis suspend the constitution and seize the government. Hadi flees to Aden.","الحوثيون يستولون على الحكومة و يحلوا الدستور الجمهوري. ","Houthis announce the suspension of the constitution and the house of representatives while Hadi withdraws his resignation","الحوثيون يعلنون تعليق الدستور ومجلس النواب و هادي يتراجع عن استقالته ",,,"political"
2015,2,21,2015,2,21,"Hadi flees to Aden and declares Aden the temporary capital","هادي يفر إلى عدن ويعلن عدن العاصمة المؤقتة","Hadi escapes Sanaa and arrives in Aden, where he rescinds his resignation and denounces the Houthi take-over as a 'coup'.","يهرب هادي من صنعاء ويصل إلى عدن حيث يلغى استقالته ويندد بعملية استيلاء الحوثي على الحكم بانها ""انقلاب"".",,,"conflict"
2015,3,20,2015,3,20,"First attack claimed by Islamic State in Sanaa","أول هجوم تتبناه الدولة الإسلامية في صنعاء","Suicide bombs at three mosques kill 137 in Sanaa in the first attack claimed by the Islamic State in Yemen.","تؤدي تفجيرات انتحارية في 3 مساجد في صنعاء بقتل 137. يعتبر الهجوم الأول الذي تتبناه الدولة الإسلامية في صنعاء.",,,"political"
2015,3,25,2015,3,25,"Arab Coalition intervenes in Yemen","تدخل التحالف العربي في اليمن","An Arab Coalition led by Saudi Arabia launch Operation Decisive Storm to re-take Aden after President Hadi pleads for their assistance. Hadi flees to Riyadh.","يطلق التحالف العربي بقيادة السعودية عملية عاصفة الحزم لإعادة الاستيلاء على عدن بعد أن ناشد الرئيس هادي مساعدتهم وهادي يهرب إلى الرياض.",,,"conflict"
2015,4,2,2015,4,2,"AQAP capture Mukalla","تنظيم القاعدة في شبه الجزيرة العربية يستولي على المكلا","The city is captured in a few days and remains under their control","يتم الاستيلاء على المدينة في غضون أيام قليلة وتبقى تحت سيطرتهم",,,"conflict"
2015,4,14,2015,4,14,"United Nations Security Council Resolution 2216 Adopted","اعتماد قرار مجلس الأمن الدولي رقم 2216","full arms embargo against the Houthi/Saleh alliance and demanded that all parties refrain from unilateral actions that could undermine the country’s UN-facilitated political transition",,,,"conflict"
2015,4,21,2015,4,21,"Arab Coalition launch Operation Restoring Hope","يطلق التحالف العربي عملية إعادة الأمل","The Arab Coalition launch Operation Restoring Hope","يطلق التحالف العربي عملية إعادة الأمل",,,"political"
2015,4,22,2015,4,22,"Oman announce Muscat peace plan","تعلن سلطنة عمان عن خطة مسقط للسلام","Oman issues the 7-point Muscat Peace Plan.","تصدر سلطنة عمان خطة تضم سبع نقاط للسلام",,,"conflict"
2015,4,25,2015,4,25,"Ismail Ould Chekh Ahmed becomes UN Special Envoy to Yemen","يعين إسماعيل ولد الشيخ أحمد مبعوثا خاصا للأمم المتحدة إلى اليمن","Ismail Ould Chekh Ahmed is appointed as UN Secretary-General Special Envoy to Yemen.","تم تعيين إسماعيل ولد الشيخ أحمد كمبعوث خاص للأمين العام للأمم المتحدة إلى اليمن.",,,"conflict"
2015,4,26,2015,4,26,"Attacks on Saudi territory intensify","تكثف الهجمات على الأراضي السعودية ","Cross-border attack into Saudi Arabia kills one member of the Saudi National Guard.","يقتل هجوم عبر الحدود السعودية أحد أفراد الحرس الوطني السعودي",,,"political"
2015,5,11,2015,5,11,"Saleh and Houthis declare alliance officially","صالح والحوثيين يعلنون تحالفهم رسميا","Even though Saleh had provided Houthis with everything they needed to capture Sanaa, it was on this day that their alliance was declared officially. ","على الرغم من أن صالح قد زود الحوثيين بكل ما يحتاجونه للاستيلاء على صنعاء ، أنه في هذا اليوم تم إعلان تحالفهم رسميًا.",,,"conflict"
2015,5,12,2015,5,12,"5-day ceasefire agreed","اتفاق وقف إطلاق النار لمدة خمسة أيام","5-day ceasefire agreed to by both parties. Humanitarian supplies arrive in Hodeidah","وافق الطرفان على اتفاق وقف إطلاق النار لمدة خمسة أيام وتصل الإمدادات الإنسانية إلى الحديدة.",,,"conflict"
2015,5,17,2015,5,17,"Riyadh Conference held for pro-government coalitionsعقد مؤتمر الرياض للتحالفات المؤيدة للحكومة","يبدأ مؤتمر السلام في الرياض بدون حضور الحوثيين","The conference is attended by delegates from the GPC, Islah and YSP, but without Ansar Allah. The goal was to isolate the Houthis and restore the federal state of Yemen and the NDC outcomes. ","حضر المؤتمر مندوبون من المؤتمر الشعبي العام والإصلاح والحزب الاشتراكي اليمني ولكن بدون حضور من أنصار الله. كان الهدف هو عزل الحوثيين واستعادة الدولة الفيدرالية في اليمن و مخرجات الحوار الوطني",,,"conflict"
2015,6,15,2015,6,15,"Geneva I talks begin","تبدأ محادثات جنيف الأولى","Preliminary Inclusive Consultations between Ansar Allah and the Yemeni government begin in Geneva. This was after they were postponed from the 28th of May. ","تبدأ في جنيف مشاورات أولية شاملة بين أنصار الله والحكومة اليمنية. كان هذا بعد أن تم تأجيل المحادثات من 28 مايو.",,,"conflict"
2015,9,4,2015,9,4,"Dozens killed at Marib base by Houthi/Saleh missile","مقتل العشرات بصاروخ حوثي/حرس جمهوري في قاعدة عسكرية في مأرب ","Missile kills 67 coalition troops and dozens of Hadi loyalists in an attack on an Arab Coalition base in Marib governorate.","يقتل صاروخ  67 من قوات التحالف وعشرات من المقاتلين الموالين لهادي في هجوم على قاعدة للتحالف العربي في محافظة مأرب.",,,"conflict"
2015,10,19,2015,10,19,"Seven Point Peace Plan (Muscat Principles)","خطة مكونة من سبع نقاط للسلام (مبادئ مسقط)","English:  https://www.peaceagreements.org/masterdocument/1734","بالإنجليزي: https://www.peaceagreements.org/masterdocument/1734","national","Prenegotiation",
2015,10,26,2015,10,26,"Sadaa hospital destroyed in airstrike","تدمير مستشفى في صعدة جراء غارة جوية ","MSF report the destruction of an MSF-run hospital in Sadaa from an airstrike","أفادت منظمة أطباء بلا حدود عن تدمير مستشفى تابع لها في صعدة من غارة جوية",,,"political"
2015,12,6,2015,12,6,"Governor of Aden killed by Islamic State","مقتل محافظ عدن على يد الدولة الإسلامية","Governor of Aden and 6 bodyguards killed in car bombing claimed by the Islamic State. Aydrus Zubaydi is appointed as successor.","مقتل محافظ عدن وستة من مرافقيه تفجير سيارة تبناه تنظيم الدولة الإسلامية وتم تعيين عيدروس الزبيدي خلفا له",,,"conflict"
2015,12,15,2015,12,15,"Geneva II begins","بدء الجولة الثانية من المفاوضات في جنيف","A second round of negotiations is scheduled to begin between Ansar Allah and the Yemeni Government in Geneva, but is delayed and talks eventually breakdown following ceasefire violations from both sides.","من المقرر أن تبدأ جولة ثانية من المفاوضات في جنيف بين أنصار الله والحكومة اليمنية ولكنها تتأخر وفي النهاية تنهار بعد انتهاكات لوقف إطلاق النار من كلا الجانبين.",,,"conflict"
2016,2,29,2016,2,29,"Agreement to Solve the Problem regarding al-Maashiq Palace",,"https://www.peaceagreements.org/masterdocument/2007 ",,"local","Prenegotiation",
2016,3,4,2016,3,4,"Islamic State claim attack on charity in Aden","تتبنى الدولة الإسلامية هجوم على جمعية خيرية في عدن","16 killed in an attack on the Missionaries of Charity in Aden","مقتل 16 في هجوم على جمعية المحسنين في عدن",,,"conflict"
2016,3,6,2016,3,6,"Local mediators establish prisoner exchange and border truce","وسطاء محليون يصلون إلى اتفاق لتبادل الأسرى والهدنة على الحدود","A 'border calm' is negotiated by local mediators to ending fighting on the Sadaa-Saudi border in addition to a prisoner exchange.","يتم التفاوض على التهدئة على الحدود من قبل وسطاء محليين لإنهاء القتال على حدود بين محافظة صعدة والسعودية بالإضافة إلى تبادل الأسرى",,,"conflict"
2016,4,2,2016,4,2,"Dhahran Al-Janoub tribal mediation for a ceasfire in Hajjah","تحكيم قبلي لوقف إطلاق النار في حجة بظهران الجنوب","Ceasefire Agreement in the Governorate of al-Hajjah between Ansar Allah and the internationally recoganized Government of Yemen, signed in Dhahran al-Janoub and mediated by local tribes","اتفاقية وقف إطلاق النار في محافظة حجة بين أنصار الله والحكومة اليمنية المعترف بها دولياً ، الموقعة في ظهران الجنوب وبواسطة القبائل المحلية","local","Ceasefire",
2016,4,3,2016,4,3,"Ali Mohsin al-Ahmar appointed as Vice President","تم تعيين علي محسن الأحمر نائباً للرئيس","Hadi appoints Ali Mohsen al-Ahmar as Vice President, replacing Khalid Bahah","يعين هادي علي محسن الأحمر نائبًا له ليحل محل خالد بحاح",,,"political"
2016,4,4,2016,4,4,"Hajjah ceasefire","وقف إطلاق النار في حجة","A ceasefire is negotiated for Hajjah signed in Dahran al-Janoub","يتم التفاوض على وقف إطلاق النار في حجة في اتفاقية وقعت في ظهران الجنوب",,,"political"
2016,4,4,2016,4,4,"Ceasefire Implementation Agreement for the Governorate of Hajjah, signed in Dhahran al-Janoub",,"Ceasefire Agreement",,"local","Ceasefire",
2016,4,10,2016,4,10,"Dharan al-Janoub ceasefires signed for 5 governorates","توقع اتفاقيات ظهران الجنوب لخمسة محافظات","A series of 5 other governorate-level ceasefires are signed in Dharan al-Janoub for Jawf, Baydah, Lahj, Marib, and Taiz. Ceasefires for Marib and Taiz are amended to better fit local conditions.","تم التوقيع على سلسلة من اتفاقيات وقف إطلاق النار على مستوى خمس محافظات أخرى في ظهران الجنوب وهي: الجوف والبيضاء ولحج ومأرب وتعز ويتم تعديل اتفاقيات وقف إطلاق النار لمحافظتي مأرب وتعز لتناسب الظروف المحلية.",,,"conflict"
2016,4,10,2016,4,10,"Dhalea Ceasefire",,"https://www.peaceagreements.org/masterdocument/2009 ","https://www.peaceagreements.org/document/2662","local","Ceasefire",
2016,4,10,2016,4,10,"Dhahran al-Janoub Agreements on the Cessation of Hostilities in Yemen for Shabwah, al-Dhali'a, al-Baydah, al-Jawf, Marib, Taiz and Terms and Conditions",,"Ceasefire Agreement",,"national","Ceasefire",
2016,4,10,2016,4,10,"Yemeni Military Ceasefire Order (with Signature by Ansar Allah Representative)",,"Ceasefire Agreement",,"local","Ceasefire",
2016,4,16,2016,4,16,"Ta'iz Ceasefire Agreement",,"https://www.peaceagreements.org/masterdocument/1826 ","https://www.peaceagreements.org/document/2383 ","national","Ceasefire",
2016,4,17,2016,4,17,"Implementation Mechanism of the Ceasefire Agreement in the Governorate of Marib ",,"https://www.peaceagreements.org/masterdocument/2010","https://www.peaceagreements.org/document/2666","local","Ceasefire",
2016,4,21,2016,4,21,"Kuwaiti peace talks begin","بدء محادثات السلام في الكويت","Delegations in Kuwait negotiate via 'proximity talks'","تفاوض الوفود في الكويت في مفاوضات غير مباشرة",,,"political"
2016,4,26,2016,4,26,"Mukalla re-captured from AQAP","إعادة الاستيلاء على المكلا من القاعدة في شبه الجزيرة العربية","AQAP driven out of Mukalla by Emirati and Southern Resistance forces.","إخراج تنظيم القاعدة من المكلا على يد قوات إماراتية ومن قوات النخبة الحضرمية.",,,"conflict"
2016,6,6,2016,6,6,"Prisoner swap occurs","يحدث تبادل الأسرى ","Parties implement a prisoner swap.","تنفيذ الأطراف تبادل الأسرى.",,,"conflict"
2016,7,28,2016,7,28,"Supreme Political Council (SPC) formed in Sanaa","تشكيل المجلس السياسي الأعلى في صنعاء","The GPC and Ansar Allah announce the formation of a Supreme Political Council in Sanaa.","يعلن المؤتمر الشعبي العام وأنصار الله تشكيل المجلس السياسي الأعلى في صنعاء.",,,"conflict"
2016,8,6,2016,8,6,"Kuwaiti talks end","تنتهي محادثات الكويت","Kuwait talk end following deadlock.","تنتهي محادثات الكويت بعد الوصول إلى طريق مسدود",,,"conflict"
2016,8,14,2016,8,14,"First meeting of SPC in Sanaa","الاجتماع الأول للمجلس السياسي الأعلى في صنعاء","High Political Council in Sanaa meet in Sanaa's parliament building.","يجتمع المجلس السياسي الأعلى في مبنى برلمان صنعاء.",,,"conflict"
2016,8,25,2016,8,25,"Kerry Roadmap initiative announced","إعلان مبادرة كيري","US Secretary of State, John Kerry, announces a roadmap for peace talks.","يعلن وزير الخارجية الأمريكي جون كيري عن خارطة طريق لمحادثات السلام.",,,"political"
2016,10,8,2016,10,8,"Funeral airstrike in Sanaa","تستهدف غارة جوية عزاء في صنعاء","Two Coalition airstrikes hit a funeral in Sanaa, killing 155 and wounding 525.","ضربت غارتان لقوات التحالف عزاء في صنعاء مما أسفر عن مقتل 155 وإصابة 525",,,"conflict"
2016,10,19,2016,10,19,"UN calls for ceasefire","تدعو الأمم المتحدة إلى وقف إطلاق النار ","UN Special Envoy for Yemen, Ismail Ould Cheikh Ahmed calls for a 72-hour ceasefire and re-activation of the Dharan al-Janoub De-escalation and Coordination Committee.","دعا المبعوث الخاص لليمن إسماعيل ولد الشيخ أحمد إلى وقف إطلاق النار لمدة 72 ساعة وإعادة تفعيل لجنة ظهران الجنوب للتهدئة والتنسيق",,,"political"
2016,10,25,2016,10,25,"Quad roadmap initiative announced","إعلان مبادرة المجموعة الرباعية ","The 'Quad' consisting of Saudi Arabia, the UAE, UK and US, announce a new roadmap.","اعلنت المجموعة الرباعية التي تضم السعودية والإمارات والمملكة المتحدة والولايات المتحدة عن خارطة طريق جديدة.",,,"political"
2016,11,16,2016,11,16,"Statement",,"Prenegotiation Agreement",,"national","Prenegotiation",
2017,1,23,2017,1,23,"Mokha captured by pro-Hadi forces","تستولي قوات موالية لهادي على المخا","Hadi Loyalist forces seize Mokha port on the west coast.","تستولي قوات موالية لهادي على ميناء المخا على الساحل الغربي.",,,"political"
2017,1,29,2017,1,29,"Navy SEAL raid in al-Baydah","غارة تابعة للبحرية الأمريكية في البيضة","A Navy SEAL is reported killed in US raid on suspected AQAP targets in al-Baydah. The attack reportedly killed 10 Yemeni women and children.","قُتل جندي من القوات البحرية الأمريكية في غارة أمريكية على أهداف يشتبه أنها تابعة لتنظيم القاعدة في شبه الجزيرة العربية في البيضاء وأسفر الهجوم عن مقتل 10 نساء وأطفال يمنيين.",,,"political"
2017,3,18,2017,3,18,"42 Somalis killed in helicopter attack on boat","مقتل 42 صوماليا على متن قارب في هجوم بطائرة عمودية ","A helicopter gunship attacks a boat off the coast of Yemen, killing 42 Somalis.","هجوم طائرة عمودية هجومية على قارب قبالة سواحل اليمن مما أسفر عن مقتل 42 صوماليا.",,,"political"
2017,5,4,2017,5,4,"Aden Historic Declaration issued forming Southern Transitional Council","إعلان عدن التاريخي الذي شكل المجلس الانتقالي الجنوبي ","Aden Historic Declaration is read in Aden, announcing the formation of the Southern Transitional Council, by former-Governor Aydrus al-Zubaydi.","أصدر المحافظ السابق لمحافظة عدن عيدروس الزبيدي إعلان عدن التاريخي في مدينة عدن، معلنا تشكيل المجلس الانتقالي الجنوبي",,,"conflict"
2017,11,4,2017,11,4,"Missile attack on Riyadh airport","هجوم صاروخي على مطار الرياض","Ansar Allah fire missile on King Khalid International Airport in Riyadh.","أطلق أنصار الله صاروخ على مطار الملك خالد الدولي بالرياض.",,,"conflict"
2017,11,6,2017,11,6,"Humanitarian aid blocked by Arab Coalition","منع التحالف العربي المساعدات الإنسانية","Arab Coalition prevents planes carrying humanitarian aid from landing in Yemen.","التحالف العربي يمنع الطائرات التي تحمل مساعدات إنسانية من الهبوط في اليمن",,,"political"
2017,11,28,2017,11,28,"Saleh defects from Houthi-GPC alliance","ينهي صالح التحالف بين الحوثيين والمؤتمر الشعبي العام","President Saleh announces his defection from the Houthis sparking a firefight in Sanaa.","أعلن الرئيس صالح عن انشقاقه من الحوثيين مما أدى إلى نشوب معركة في صنعاء.",,,"conflict"
2017,12,4,2017,12,4,"Saleh killed","مقتل صالح","President Saleh is assassinated by Houthi gunmen in Sanaa after a three day battle.","اغتيل الرئيس صالح من قبل مسلحين من الحوثيين  في صنعاء في معركة استمرت لثلاثة أيام.",,,"conflict"
2017,12,6,2017,12,6,"Hodeidah offensive launched by Arab Coalition","بدأ هجوم الحديدة الذي أطلقه التحالف العربي ","Arab Coalition launch the offensive to re-take Hodeidah governorate.","أطلق التحالف العربي هجوم لإعادة السيطرة على محافظة الحديدة.",,,"conflict"
2017,12,21,2017,12,21,"Cholera kills at least 2,200","وباء الكوليرا يقتل اكثر من 2200 ","ICRC announces that 1 million cases of cholera have been reported since outbreak in spring 2017, with 2,200 deaths.","أعلنت اللجنة الدولية للصليب الأحمر أنه تم الإبلاغ عن مليون حالة من الكوليرا منذ تفشي المرض في ربيع عام 2017، بما في ذلك 2200 حالة وفاة.",,,"political"
2018,1,28,2018,1,28,"Firefight between Southern Transitional Council and Yemeni government","معارك بين المجلس الانتقالي الجنوبي والحكومة اليمنية","Rifts between the Southern Transitional Council and Yemeni government intensify after the STC prohibits the holding of a cabinet meeting at the Presidential Palace in Aden and demand the sacking of Prime Minister Ahmed bin Daghr. Fighting breaks out on January 28. STC-aligned forces manage to capture two military camps to the north of the city, as well as break through the initial defenses of the Presidential Palace. The Arab Coalition intervenes and mediates a ceasefire.","تصاعدت الخلافات بين المجلس الانتقالي الجنوبي والحكومة اليمنية بعد حظر المجلس الانتقالي عقد اجتماع لمجلس الوزراء في قصر الرئاسة في عدن ومطالبته بإقالة رئيس الوزراء أحمد بن دغر.  انفجر القتال في 28 يناير وتمكنت قوات متحالفة مع المجلس الانتقالي الجنوبي من إلقاء القبض على معسكرين شمال المدينة، بالإضافة إلى اختراق خط الدفاع الأول للقصر الرئاسي. تدخل التحالف العربي وتوسط لوقف إطلاق النار.",,,"political"
2018,1,18,2018,1,18,"Agreement regarding the Exchange of Prisoners, Detainees, Remains and Missing Persons",,"https://www.peaceagreements.org/masterdocument/2119  ","https://www.peaceagreements.org/document/2847","national","Ceasefire",
2018,2,18,2018,2,18,"Martin Griffiths becomes UN Special Envoy","تعيين مارتن غريفيث كمبعوث خاص للأمم المتحدة","Martin Griffiths is appointed as Secretary-General Special Envoy to Yemen.","تم تعيين مارتن غريفيث كمبعوث خاص للأمين العام لليمن.",,,"conflict"
2018,4,3,2018,4,3,"22 million Yemenis require aid","22 مليون يمني يحتاجون إلى المساعدة الانسانية","22 million Yemenis are reported as requiring humanitarian aid and 18 million are food insecure. 85,000 children have dief of hunger. ","  85000 طفل يموتوا من الجوع . مليون يمني بحاجة إلى مساعدات إنسانية وأن 18 مليوناً يعانون من انعدام الأمن الغذائي",,,"political"
2018,4,30,2018,4,30,"UAE takes Socotra Island","دولة الإمارات العربية المتحدة تأخذ جزيرة سقطرى","UAE take Socotra Island","تأخذ الإمارات العربية المتحدة جزيرة سقطرى",,,"political"
2018,7,3,2018,7,3,"Arab Coalition bomb wedding","يقصف التحالف العربي حفل زفاف","Arab Coalition airstrike hits a wedding in Sadaa killing 8.","تضرب غارة جوية للتحالف العربي حفل زفاف في صعدة وتقتل 8 أشخاص.",,,"political"
2018,7,25,2018,7,25,"Bab al-Mandeb shipping suspended","تعليق الشحن عبر باب المندب","Shipping suspending in Bab al-Mandeb following a Houthi attack on two Saudi National Shipping Corporation Tankers.","توقيف الشحن في باب المندب إثر هجوم الحوثيين على ناقلتين تابعتين لشركة الملاحة الوطنية السعودية.",,,"conflict"
2018,8,9,2018,8,9,"Arab Coalition strikes school bus","يقصف التحالف العربي حافلة مدرسية","Coalition airstrike in Sadaa hits bus killing 51, including children.","تضرب غارة جوية للتحالف العربي حافلة في صعدة تضرب وتقتل 51 شخصا بينهم أطفال.",,,"conflict"
2018,9,6,2018,9,6,"Geneva Consultations cancelled","تم إلغاء مشاورات جنيف","Geneva consultations were scheduled, however, Houthi delegation didn’t arrive as they demanded members of their group be transported to Oman for medical treatment. ","كان من المقرر إجراء مشاورات في جنيف ، ولكن وفد الحوثي لم يصل لأنهم طالبوا بنقل أعضاء مجموعتهم إلى عُمان للعلاج الطبي.",,,"political"
2018,11,18,2018,11,18,"Rasha Jarhum addresses the UNSC regarding Women's demands  and their inclusion in the peace process","رشا جرهوم تخاطب مجلس الأمن بشأن مطالب المرأة وإدماجها في عملية السلام","irector of Peace Track Initiative and founding member of the Women Solidarity Network connecting 250 women inside and outside of Yemen"," رئيسة مبادرة مسار السلام وعضوة مؤسسة في شبكة التضامن النسوي بربط 250 امرأة داخل وخارج اليمن",,,"political"
2018,12,6,2018,12,6,"Stockholm peace talks begin","تبدأ محادثات ستوكهولم للسلام","Talks begin in Stockholm Sweden, resulting in preliminary agreements on the situations of Taiz and Hodeidah as well as a prisoner release","تبدأ المحادثات في ستوكهولم في السويد وأدت إلى اتفاقات مبدئية على حالات تعز والحديدة وكذلك الإفراج عن السجناء",,,"political"
2018,12,13,2018,12,13,"Stockholm Agreement","اتفاق ستوكهولم","Prenegotiation Agreement","اتفاق المفاوضات التمهيدية","local","Prenegotiation",
2018,12,13,2018,12,13,"Agreement on the City of Hodeidah and Ports of Hodeidah, Salif, and Ras Isa (Hodeidah Agreement)","اتفاق حول مدينة الحديدة موانئ الحديدة والصليف ورأس عيسى","Ceasefire Agreement","اتفاق وقف إطلاق النار","national","Ceasefire",
2018,12,13,2018,12,13,"Statement of Understanding on Ta'iz","اعلان تفاهمات حول تعز","Prenegotiation Agreement","اتفاق المفاوضات التمهيدية","national","Prenegotiation",
2018,12,17,2018,12,17,"Agreement for the exchange prisoners, detainees, missing persons, arbitrarily detained and forcibly disappeared persons, and those under house arrest",,"Prenegotiation Agreement",,"local","Prenegotiation",
2018,12,18,2018,12,18,"Hodeidah ceasefire comes into effect","يبدأ سريان وقف إطلاق في الحديدة","Ceasefire comes into effect for Hodeidah. On December 22, a UN task team is deployed to the city.","يبدأ سريان وقف إطلاق النار في الحديدة وفي 22 ديسمبر، يصل فريق عمل تابع للأمم المتحدة إلى المدينة",,,"political"
2019,1,16,2019,1,16,"UN Security Council Resolution 2452","قرار مجلس الأمن 2452","United Nations Mission to support the Hodeidah Agreement (UNMHA) — with an initial mandate of six months — will lead and support the Redeployment Coordination Commission tasked with overseeing the ceasefire, redeployment of forces and mine action operations","بعثة الأمم المتحدة لدعم اتفاق الحديدة (UNMHA) - بولاية لمدة 6 أشهر - ستقود وتدعم لجنة تنسيق إعادة الانتشار المكلفة بالإشراف على وقف إطلاق النار ، وإعادة نشر القوات وعمليات إزالة الألغام.","national","Ceasefire",
2019,4,14,2019,4,14,"Decleration of the National Alliance of Yemeni Political Parties ","اشهار التحالف الوطني للقوى والأحزاب السياسية اليمنية ـ سيئون","A government-led effort to counter the Southern Transitional Council ","جهود الحكومة لمواجهة المجلس الانتقالي الجنوبي",,,"conflict"
2019,4,15,2019,4,15,"Muna Luqman, chairperson of Food4Humanity, co-founding member of the Women Solidarity Network, and partner of the Peace Track Initiative,briefs the UN Security Council today on Yemen","قدمت منى لقمان، رئيسة منظمة ويطعمون، وعضوة مؤسسة لشبكة التضامن النسوي، وشريكة مبادرة مسار السلام، إحاطة لمجلس الأمن عن الوضع في اليمن،","part of national and international efforts to include Women's voices in the peace process","جزء من الجهود الوطنية والدولية لإدراج أصوات النساء في عملية السلام",,,"political"
